date,month,token,cmc_id,price_usd,circulating,total_reported,max_reported,market_cap_usd,row_last_updated,quote_last_updated,source_url,policy_ceiling,ratio
2020-01-05,2020-01,BTC,1,7411.31732676,18143812.0,18143812.0,21000000.0,134469548249.076,2020-01-05T23:59:02.000Z,2020-01-05T00:00:00.000Z,https://coinmarketcap.com/historical/20200105/,21000000.0,0.8639910476190477
2020-01-05,2020-01,ETH,1027,136.27677671,109157038.999,109157038.999,,14875569429.664015,2020-01-05T23:59:02.000Z,2020-01-05T00:00:00.000Z,https://coinmarketcap.com/historical/20200105/,,
2020-01-05,2020-01,ADA,2010,0.03472142,25927070538.0,31112483745.0,45000000000.0,900224705.7813873,2020-01-05T23:59:05.000Z,2020-01-05T00:00:00.000Z,https://coinmarketcap.com/historical/20200105/,45000000000.0,0.5761571230666667
2020-01-05,2020-01,ATOM,3794,4.23187727,190688439.2,237928230.821588,,806970071.7444313,2020-01-05T23:59:12.000Z,2020-01-05T00:00:00.000Z,https://coinmarketcap.com/historical/20200105/,,
2020-02-02,2020-02,BTC,1,9344.36529292,18196525.0,18196525.0,21000000.0,170034976661.7511,2020-02-02T23:59:01.000Z,2020-02-02T00:00:00.000Z,https://coinmarketcap.com/historical/20200202/,21000000.0,0.8665011904761905
2020-02-02,2020-02,ETH,1027,188.61753817,109538786.624,109538786.624,,20660936266.92873,2020-02-02T23:59:03.000Z,2020-02-02T00:00:00.000Z,https://coinmarketcap.com/historical/20200202/,,
2020-02-02,2020-02,ADA,2010,0.05576783,25927070538.0,31112483745.0,45000000000.0,1445896374.6028826,2020-02-02T23:59:07.000Z,2020-02-02T00:00:00.000Z,https://coinmarketcap.com/historical/20200202/,45000000000.0,0.5761571230666667
2020-02-02,2020-02,ATOM,3794,4.40676455,190688439.2,237928230.821588,,840319053.421742,2020-02-02T23:59:13.000Z,2020-02-02T00:00:00.000Z,https://coinmarketcap.com/historical/20200202/,,
2020-03-01,2020-03,BTC,1,8562.45405008,18246987.0,18246987.0,21000000.0,156238987739.9071,2020-03-01T23:59:00.000Z,2020-03-01T00:00:00.000Z,https://coinmarketcap.com/historical/20200301/,21000000.0,0.8689041428571429
2020-03-01,2020-03,ETH,1027,218.97059993,109920664.874,109920664.874,,24069393931.834496,2020-03-01T23:59:00.000Z,2020-03-01T00:00:00.000Z,https://coinmarketcap.com/historical/20200301/,,
2020-03-01,2020-03,ADA,2010,0.04593244,25927070538.0,31112483745.0,45000000000.0,1190893585.9846437,2020-03-01T23:59:01.000Z,2020-03-01T00:00:00.000Z,https://coinmarketcap.com/historical/20200301/,45000000000.0,0.5761571230666667
2020-03-01,2020-03,ATOM,3794,3.36827523,190688439.2,237928230.821588,,642291145.5313679,2020-03-01T23:59:03.000Z,2020-03-01T00:00:00.000Z,https://coinmarketcap.com/historical/20200301/,,
2020-04-05,2020-04,BTC,1,6791.12944093,18307537.0,18307537.0,21000000.0,124328853511.61528,2020-04-05T23:59:00.000Z,2020-04-05T00:00:00.000Z,https://coinmarketcap.com/historical/20200405/,21000000.0,0.8717874761904761
2020-04-05,2020-04,ETH,1027,143.54664871,110398143.4365,110398143.4365,,15847283514.115458,2020-04-05T23:59:00.000Z,2020-04-05T00:00:00.000Z,https://coinmarketcap.com/historical/20200405/,,
2020-04-05,2020-04,ADA,2010,0.0320028,25927070538.0,31112483745.0,45000000000.0,829738785.5771959,2020-04-05T23:59:00.000Z,2020-04-05T00:00:00.000Z,https://coinmarketcap.com/historical/20200405/,45000000000.0,0.5761571230666667
2020-04-05,2020-04,ATOM,3794,2.06658431,190688439.2,237928230.821588,,394073736.07048094,2020-04-05T23:59:02.000Z,2020-04-05T00:00:00.000Z,https://coinmarketcap.com/historical/20200405/,,
2020-05-03,2020-05,BTC,1,8897.46850985,18360075.0,18360075.0,21000000.0,163358189150.98422,2020-05-03T23:59:00.000Z,2020-05-03T00:00:00.000Z,https://coinmarketcap.com/historical/20200503/,21000000.0,0.8742892857142858
2020-05-03,2020-05,ETH,1027,210.93315693,110780012.999,110780012.999,,23367177866.625507,2020-05-03T23:59:01.000Z,2020-05-03T00:00:00.000Z,https://coinmarketcap.com/historical/20200503/,,
2020-05-03,2020-05,ADA,2010,0.04892884,25927070538.0,31112483745.0,45000000000.0,1268581579.907031,2020-05-03T23:59:01.000Z,2020-05-03T00:00:00.000Z,https://coinmarketcap.com/historical/20200503/,45000000000.0,0.5761571230666667
2020-05-03,2020-05,ATOM,3794,2.77714602,190688439.2,237928230.821588,,529569640.52775395,2020-05-03T23:59:07.000Z,2020-05-03T00:00:00.000Z,https://coinmarketcap.com/historical/20200503/,,
2020-05-03,2020-05,SOL,5426,0.67953457,,500000000.0,,0.0,2020-05-03T23:59:10.000Z,2020-05-03T00:00:00.000Z,https://api.coinmarketcap.com/data-api/v3/cryptocurrency/listings/historical?date=20200503&start=501&limit=5000&convertId=2781,,
2020-06-07,2020-06,BTC,1,9758.8524174,18397681.0,18397681.0,21000000.0,179540253701.40405,2020-06-07T23:59:00.000Z,2020-06-07T00:00:00.000Z,https://coinmarketcap.com/historical/20200607/,21000000.0,0.8760800476190476
2020-06-07,2020-06,ETH,1027,245.16725914,111256533.999,111256533.999,,27276459502.39608,2020-06-07T23:59:00.000Z,2020-06-07T00:00:00.000Z,https://coinmarketcap.com/historical/20200607/,,
2020-06-07,2020-06,ADA,2010,0.08665432,25927070538.0,31112483745.0,45000000000.0,2246692653.277001,2020-06-07T23:59:01.000Z,2020-06-07T00:00:00.000Z,https://coinmarketcap.com/historical/20200607/,45000000000.0,0.5761571230666667
2020-06-07,2020-06,ATOM,3794,3.02690067,190688439.2,237928230.821588,,577194964.6617669,2020-06-07T23:59:02.000Z,2020-06-07T00:00:00.000Z,https://coinmarketcap.com/historical/20200607/,,
2020-06-07,2020-06,SOL,5426,0.61657785,17250489.5461051,488630184.964502,,10636269.83129035,2020-06-07T23:59:03.000Z,2020-06-07T00:00:00.000Z,https://api.coinmarketcap.com/data-api/v3/cryptocurrency/listings/historical?date=20200607&start=201&limit=5000&convertId=2781,,
2020-07-05,2020-07,BTC,1,9073.94286936,18424375.0,18424375.0,21000000.0,167181726153.66464,2020-07-05T23:59:00.000Z,2020-07-05T00:00:00.000Z,https://coinmarketcap.com/historical/20200705/,21000000.0,0.8773511904761905
2020-07-05,2020-07,ETH,1027,227.66459871,111637693.3115,111637693.3115,,25415950648.561058,2020-07-05T23:59:22.000Z,2020-07-05T00:00:00.000Z,https://coinmarketcap.com/historical/20200705/,,
2020-07-05,2020-07,ADA,2010,0.09821067,25927070538.0,31112483745.0,45000000000.0,2546315062.6650567,2020-07-05T23:59:22.000Z,2020-07-05T00:00:00.000Z,https://coinmarketcap.com/historical/20200705/,45000000000.0,0.5761571230666667
2020-07-05,2020-07,ATOM,3794,2.92524333,190688439.2,237928230.821588,,557810084.8111695,2020-07-05T23:59:29.000Z,2020-07-05T00:00:00.000Z,https://coinmarketcap.com/historical/20200705/,,
2020-07-05,2020-07,SOL,5426,0.69166356,17248220.6206596,488627916.039056,,11929965.7302922,2020-07-05T23:59:34.000Z,2020-07-05T00:00:00.000Z,https://api.coinmarketcap.com/data-api/v3/cryptocurrency/listings/historical?date=20200705&start=201&limit=5000&convertId=2781,,
2020-08-02,2020-08,BTC,1,11053.613901,18449725.0,18449725.0,21000000.0,203936136729.62723,2020-08-02T23:59:00.000Z,2020-08-02T00:00:00.000Z,https://coinmarketcap.com/historical/20200802/,21000000.0,0.8785583333333333
2020-08-02,2020-08,ETH,1027,370.67171149,112019132.499,112019132.499,,41522323563.25345,2020-08-02T23:59:06.000Z,2020-08-02T00:00:00.000Z,https://coinmarketcap.com/historical/20200802/,,
2020-08-02,2020-08,ADA,2010,0.13350459,25927070538.0,31112483745.0,45000000000.0,3461382969.2899647,2020-08-02T23:59:07.000Z,2020-08-02T00:00:00.000Z,https://coinmarketcap.com/historical/20200802/,45000000000.0,0.5761571230666667
2020-08-02,2020-08,ATOM,3794,3.89179788,190688439.2,237928230.821588,,742120862.7421249,2020-08-02T23:59:08.000Z,2020-08-02T00:00:00.000Z,https://coinmarketcap.com/historical/20200802/,,
2020-08-02,2020-08,SOL,5426,1.74281035,17244959.3353648,488624654.753761,,30054693.61138145,2020-08-02T23:59:19.000Z,2020-08-02T00:00:00.000Z,https://api.coinmarketcap.com/data-api/v3/cryptocurrency/listings/historical?date=20200802&start=201&limit=5000&convertId=2781,,
2020-09-06,2020-09,BTC,1,10280.3517032,18481587.0,18481587.0,21000000.0,189997214393.28897,2020-09-06T23:59:00.000Z,2020-09-06T00:00:00.000Z,https://coinmarketcap.com/historical/20200906/,21000000.0,0.8800755714285714
2020-09-06,2020-09,ETH,1027,353.36226568,112496215.3115,112496215.3115,,39751917522.78425,2020-09-06T23:59:01.000Z,2020-09-06T00:00:00.000Z,https://coinmarketcap.com/historical/20200906/,,
2020-09-06,2020-09,ADA,2010,0.09305961,25927070538.0,31112483745.0,45000000000.0,2412763133.868137,2020-09-06T23:59:01.000Z,2020-09-06T00:00:00.000Z,https://coinmarketcap.com/historical/20200906/,45000000000.0,0.5761571230666667
2020-09-06,2020-09,ATOM,3794,5.18561108,202701695.428002,260486298.428002,,1051132158.2428517,2020-09-06T23:59:03.000Z,2020-09-06T00:00:00.000Z,https://coinmarketcap.com/historical/20200906/,,
2020-09-06,2020-09,SOL,5426,3.08604269,33598095.3866334,488620483.363086,,103685156.76495712,2020-09-06T23:59:04.000Z,2020-09-06T00:00:00.000Z,https://coinmarketcap.com/historical/20200906/,,
2020-09-06,2020-09,DOT,6636,4.79946794,852647705.0,987964778.0,,4092255324.1597605,2020-09-06T23:59:06.000Z,2020-09-06T00:00:00.000Z,https://coinmarketcap.com/historical/20200906/,,
2020-10-04,2020-10,BTC,1,10669.58254327,18528168.0,18528168.0,21000000.0,197687817851.48438,2020-10-04T23:00:00.000Z,2020-10-04T00:00:00.000Z,https://coinmarketcap.com/historical/20201004/,21000000.0,0.8822937142857142
2020-10-04,2020-10,ETH,1027,352.5790067,113186353.4365,113186353.4365,,39907132066.83182,2020-10-04T23:00:00.000Z,2020-10-04T00:00:00.000Z,https://coinmarketcap.com/historical/20201004/,,
2020-10-04,2020-10,ADA,2010,0.09634828,31112484646.0,45000000000.0,45000000000.0,2997634376.578529,2020-10-04T23:00:00.000Z,2020-10-04T00:00:00.000Z,https://coinmarketcap.com/historical/20201004/,45000000000.0,0.6913885476888889
2020-10-04,2020-10,ATOM,3794,5.30681872,204976407.791012,262761010.791012,,1087772638.6359282,2020-10-04T23:00:00.000Z,2020-10-04T00:00:00.000Z,https://coinmarketcap.com/historical/20201004/,,
2020-10-04,2020-10,SOL,5426,2.51599459,45768306.7398729,488609512.0782726,,115152812.05176513,2020-10-04T23:00:00.000Z,2020-10-04T00:00:00.000Z,https://coinmarketcap.com/historical/20201004/,,
2020-10-04,2020-10,AVAX,5805,3.96110965,24500000.0,360000000.0,720000000.0,97047186.38243811,2020-10-04T23:00:00.000Z,2020-10-04T00:00:00.000Z,https://coinmarketcap.com/historical/20201004/,720000000.0,0.034027777777777775
2020-10-04,2020-10,DOT,6636,4.17391126,852647705.0,987964778.0,,3558875853.0090723,2020-10-04T23:00:00.000Z,2020-10-04T00:00:00.000Z,https://coinmarketcap.com/historical/20201004/,,
2020-11-01,2020-11,BTC,1,13737.10982864,18531537.0,18531537.0,21000000.0,254569759062.58606,2020-11-01T23:00:00.000Z,2020-11-01T00:00:00.000Z,https://coinmarketcap.com/historical/20201101/,21000000.0,0.8824541428571429
2020-11-01,2020-11,ETH,1027,396.35818693,113251873.4365,113251873.4365,,44888307221.40616,2020-11-01T23:00:00.000Z,2020-11-01T00:00:00.000Z,https://coinmarketcap.com/historical/20201101/,,
2020-11-01,2020-11,ADA,2010,0.09819689,31112484646.0,45000000000.0,45000000000.0,3055149296.555805,2020-11-01T23:00:00.000Z,2020-11-01T00:00:00.000Z,https://coinmarketcap.com/historical/20201101/,45000000000.0,0.6913885476888889
2020-11-01,2020-11,ATOM,3794,4.7356045,205193053.287534,262977656.287534,,971713146.0648521,2020-11-01T23:00:00.000Z,2020-11-01T00:00:00.000Z,https://coinmarketcap.com/historical/20201101/,,
2020-11-01,2020-11,SOL,5426,1.5998403,45788385.64918699,488608332.2446317,,73254104.4517357,2020-11-01T23:00:00.000Z,2020-11-01T00:00:00.000Z,https://coinmarketcap.com/historical/20201101/,,
2020-11-01,2020-11,AVAX,5805,3.68266358,24500000.0,360000000.0,720000000.0,90225257.623674,2020-11-01T23:00:00.000Z,2020-11-01T00:00:00.000Z,https://coinmarketcap.com/historical/20201101/,720000000.0,0.034027777777777775
2020-11-01,2020-11,NEAR,6535,0.63429566,174876443.0,1000000000.0,,110923368.56484078,2020-11-01T23:00:00.000Z,2020-11-01T00:00:00.000Z,https://coinmarketcap.com/historical/20201101/,,
2020-11-01,2020-11,DOT,6636,4.22561493,852647705.0,987964778.0,,3602960876.341059,2020-11-01T23:00:00.000Z,2020-11-01T00:00:00.000Z,https://coinmarketcap.com/historical/20201101/,,
2020-12-06,2020-12,BTC,1,19345.12095871,18564037.0,18564037.0,21000000.0,359123541247.0556,2020-12-06T23:00:00.000Z,2020-12-06T00:00:00.000Z,https://coinmarketcap.com/historical/20201206/,21000000.0,0.8840017619047619
2020-12-06,2020-12,ETH,1027,601.90899244,113726029.5615,113726029.5615,,68452719868.01412,2020-12-06T23:00:00.000Z,2020-12-06T00:00:00.000Z,https://coinmarketcap.com/historical/20201206/,,
2020-12-06,2020-12,ADA,2010,0.15886675,31112484646.0,45000000000.0,45000000000.0,4942739300.766465,2020-12-06T23:00:00.000Z,2020-12-06T00:00:00.000Z,https://coinmarketcap.com/historical/20201206/,45000000000.0,0.6913885476888889
2020-12-06,2020-12,ATOM,3794,5.20797196,206847556.783662,264632159.783662,,1077256275.9665945,2020-12-06T23:00:00.000Z,2020-12-06T00:00:00.000Z,https://coinmarketcap.com/historical/20201206/,,
2020-12-06,2020-12,SOL,5426,1.85424895,46263585.71162885,488595688.8181484,,85784205.38624497,2020-12-06T23:00:00.000Z,2020-12-06T00:00:00.000Z,https://coinmarketcap.com/historical/20201206/,,
2020-12-06,2020-12,AVAX,5805,3.59960891,24500000.0,360000000.0,720000000.0,88190418.34327628,2020-12-06T23:00:00.000Z,2020-12-06T00:00:00.000Z,https://coinmarketcap.com/historical/20201206/,720000000.0,0.034027777777777775
2020-12-06,2020-12,NEAR,6535,1.03468791,196911019.0,1000000000.0,,203741451.3272049,2020-12-06T23:00:00.000Z,2020-12-06T00:00:00.000Z,https://coinmarketcap.com/historical/20201206/,,
2020-12-06,2020-12,DOT,6636,5.135868,885352072.397593,1019375179.6890911,,4547051375.878827,2020-12-06T23:00:00.000Z,2020-12-06T00:00:00.000Z,https://coinmarketcap.com/historical/20201206/,,
2021-01-03,2021-01,BTC,1,32782.02446581,18589737.0,18589737.0,21000000.0,609409213147.0334,2021-01-03T23:00:00.000Z,2021-01-03T00:00:00.000Z,https://coinmarketcap.com/historical/20210103/,21000000.0,0.8852255714285714
2021-01-03,2021-01,ETH,1027,975.50767291,114104674.624,114104674.624,,111309985610.90729,2021-01-03T23:00:00.000Z,2021-01-03T00:00:00.000Z,https://coinmarketcap.com/historical/20210103/,,
2021-01-03,2021-01,ADA,2010,0.20499536,31112484646.0,45000000000.0,45000000000.0,6377915101.911628,2021-01-03T23:00:00.000Z,2021-01-03T00:00:00.000Z,https://coinmarketcap.com/historical/20210103/,45000000000.0,0.6913885476888889
2021-01-03,2021-01,ATOM,3794,5.81389797,208247564.617027,266032167.617027,,1210730092.4053895,2021-01-03T23:00:00.000Z,2021-01-03T00:00:00.000Z,https://coinmarketcap.com/historical/20210103/,,
2021-01-03,2021-01,SOL,5426,2.16175192,46569948.18255906,488592653.44681746,488630611.0,100672674.81180388,2021-01-03T23:00:00.000Z,2021-01-03T00:00:00.000Z,https://coinmarketcap.com/historical/20210103/,,
2021-01-03,2021-01,AVAX,5805,3.47294394,76937055.27646953,360000000.0,720000000.0,267198080.18400827,2021-01-03T23:00:00.000Z,2021-01-03T00:00:00.000Z,https://coinmarketcap.com/historical/20210103/,720000000.0,0.10685702121731878
2021-01-03,2021-01,NEAR,6535,1.47271783,196911019.0,1000000000.0,1000000000.0,289994369.5751601,2021-01-03T23:00:00.000Z,2021-01-03T00:00:00.000Z,https://coinmarketcap.com/historical/20210103/,,
2021-01-03,2021-01,DOT,6636,10.03328252,896530965.4956588,1030588728.9519308,,8995148461.427736,2021-01-03T23:00:00.000Z,2021-01-03T00:00:00.000Z,https://coinmarketcap.com/historical/20210103/,,
2021-02-07,2021-02,BTC,1,38903.44147971,18622487.0,18622487.0,21000000.0,724478833211.1024,2021-02-07T23:00:00.000Z,2021-02-07T00:00:00.000Z,https://coinmarketcap.com/historical/20210207/,21000000.0,0.8867850952380952
2021-02-07,2021-02,ETH,1027,1614.22782334,114578160.499,114578160.499,,184955254624.64575,2021-02-07T23:00:00.000Z,2021-02-07T00:00:00.000Z,https://coinmarketcap.com/historical/20210207/,,
2021-02-07,2021-02,ADA,2010,0.66323787,31112484646.0,45000000000.0,45000000000.0,20634977898.625393,2021-02-07T23:00:00.000Z,2021-02-07T00:00:00.000Z,https://coinmarketcap.com/historical/20210207/,45000000000.0,0.6913885476888889
2021-02-07,2021-02,ATOM,3794,13.91670339,210028496.316186,267813099.316186,,2922904286.540939,2021-02-07T23:00:00.000Z,2021-02-07T00:00:00.000Z,https://coinmarketcap.com/historical/20210207/,,
2021-02-07,2021-02,SOL,5426,6.70046276,261900137.02858052,488630611.0,488630611.0,1754852114.1096504,2021-02-07T23:00:00.000Z,2021-02-07T00:00:00.000Z,https://coinmarketcap.com/historical/20210207/,,
2021-02-07,2021-02,AVAX,5805,24.2071792,76937055.27646953,360000000.0,720000000.0,1862429084.0435638,2021-02-07T23:00:00.000Z,2021-02-07T00:00:00.000Z,https://coinmarketcap.com/historical/20210207/,720000000.0,0.10685702121731878
2021-02-07,2021-02,NEAR,6535,3.39232648,278238712.0,1000000000.0,1000000000.0,943876549.7749835,2021-02-07T23:00:00.000Z,2021-02-07T00:00:00.000Z,https://coinmarketcap.com/historical/20210207/,,
2021-02-07,2021-02,DOT,6636,19.793615,908009246.8839117,1041898928.2594537,,17972785450.430878,2021-02-07T23:00:00.000Z,2021-02-07T00:00:00.000Z,https://coinmarketcap.com/historical/20210207/,,
2021-03-07,2021-03,BTC,1,51206.69295308,18647581.0,18647581.0,21000000.0,954880954584.636,2021-03-07T23:00:00.000Z,2021-03-07T00:00:00.000Z,https://coinmarketcap.com/historical/20210307/,21000000.0,0.8879800476190476
2021-03-07,2021-03,ETH,1027,1723.15379607,114956971.0615,114956971.0615,,198088541069.54654,2021-03-07T23:00:00.000Z,2021-03-07T00:00:00.000Z,https://coinmarketcap.com/historical/20210307/,,
2021-03-07,2021-03,ADA,2010,1.13336664,31948309440.747814,45000000000.0,45000000000.0,36209148044.41363,2021-03-07T23:00:00.000Z,2021-03-07T00:00:00.000Z,https://coinmarketcap.com/historical/20210307/,45000000000.0,0.7099624320166181
2021-03-07,2021-03,ATOM,3794,19.4936591,211457944.030702,269242547.030702,,4122089074.0526247,2021-03-07T23:00:00.000Z,2021-03-07T00:00:00.000Z,https://coinmarketcap.com/historical/20210307/,,
2021-03-07,2021-03,SOL,5426,13.87773227,261900137.02858052,488630611.0,488630611.0,3634579982.52872,2021-03-07T23:00:00.000Z,2021-03-07T00:00:00.000Z,https://coinmarketcap.com/historical/20210307/,,
2021-03-07,2021-03,AVAX,5805,26.65015533,83937049.24313256,378765180.96313256,720000000.0,2236935400.095314,2021-03-07T23:00:00.000Z,2021-03-07T00:00:00.000Z,https://coinmarketcap.com/historical/20210307/,720000000.0,0.11657923505990633
2021-03-07,2021-03,NEAR,6535,4.27962253,309626601.0,1000000000.0,1000000000.0,1325084976.3976567,2021-03-07T23:00:00.000Z,2021-03-07T00:00:00.000Z,https://coinmarketcap.com/historical/20210307/,,
2021-03-07,2021-03,DOT,6636,35.18865962,916087269.7000932,1051887433.2409173,,32235883114.921803,2021-03-07T23:00:00.000Z,2021-03-07T00:00:00.000Z,https://coinmarketcap.com/historical/20210307/,,
2021-04-04,2021-04,BTC,1,58758.55629127,18673581.0,18673581.0,21000000.0,1097232660348.1576,2021-04-04T23:00:00.000Z,2021-04-04T00:00:00.000Z,https://coinmarketcap.com/historical/20210404/,21000000.0,0.8892181428571428
2021-04-04,2021-04,ETH,1027,2093.12285275,115335723.0615,115335723.0615,,241411837678.00256,2021-04-04T23:00:00.000Z,2021-04-04T00:00:00.000Z,https://coinmarketcap.com/historical/20210404/,,
2021-04-04,2021-04,ADA,2010,1.19141987,31948309440.7478,45000000000.0,45000000000.0,38063850600.58149,2021-04-04T23:00:00.000Z,2021-04-04T00:00:00.000Z,https://coinmarketcap.com/historical/20210404/,45000000000.0,0.7099624320166178
2021-04-04,2021-04,ATOM,3794,21.73773211,212003140.664671,269787743.664671,,4608467478.685777,2021-04-04T23:00:00.000Z,2021-04-04T00:00:00.000Z,https://coinmarketcap.com/historical/20210404/,,
2021-04-04,2021-04,SOL,5426,24.06132316,268284066.09261915,492408576.4354237,,6455269614.094441,2021-04-04T23:00:00.000Z,2021-04-04T00:00:00.000Z,https://coinmarketcap.com/historical/20210404/,,
2021-04-04,2021-04,AVAX,5805,29.32971208,128028915.75900275,382194950.75900275,720000000.0,3755051237.11232,2021-04-04T23:00:00.000Z,2021-04-04T00:00:00.000Z,https://coinmarketcap.com/historical/20210404/,720000000.0,0.17781793855417047
2021-04-04,2021-04,NEAR,6535,6.09568485,339257736.0,1000000000.0,1000000000.0,2068008241.7002542,2021-04-04T23:00:00.000Z,2021-04-04T00:00:00.000Z,https://coinmarketcap.com/historical/20210404/,,
2021-04-04,2021-04,DOT,6636,44.65221029,925924766.9844159,1061948880.4386038,,41344587411.553825,2021-04-04T23:00:00.000Z,2021-04-04T00:00:00.000Z,https://coinmarketcap.com/historical/20210404/,,
2021-05-02,2021-05,BTC,1,56631.07741255,18697543.0,18697543.0,21000000.0,1058862005057.4882,2021-05-02T23:00:00.000Z,2021-05-02T00:00:00.000Z,https://coinmarketcap.com/historical/20210502/,21000000.0,0.8903591904761905
2021-05-02,2021-05,ETH,1027,2952.05605494,115713633.999,115713633.999,,341593133885.9346,2021-05-02T23:00:00.000Z,2021-05-02T00:00:00.000Z,https://coinmarketcap.com/historical/20210502/,,
2021-05-02,2021-05,ADA,2010,1.32681236,31948309440.7478,45000000000.0,45000000000.0,42389411930.28578,2021-05-02T23:00:00.000Z,2021-05-02T00:00:00.000Z,https://coinmarketcap.com/historical/20210502/,45000000000.0,0.7099624320166178
2021-05-02,2021-05,ATOM,3794,23.09726427,210767262.762866,268551865.762866,,4868147168.44425,2021-05-02T23:00:00.000Z,2021-05-02T00:00:00.000Z,https://coinmarketcap.com/historical/20210502/,,
2021-05-02,2021-05,SOL,5426,46.89098709,272637554.18613577,494519289.5059303,,12784244033.404997,2021-05-02T23:00:00.000Z,2021-05-02T00:00:00.000Z,https://coinmarketcap.com/historical/20210502/,,
2021-05-02,2021-05,AVAX,5805,31.30495715,128786595.07763553,382952630.0776355,720000000.0,4031658839.8871217,2021-05-02T23:00:00.000Z,2021-05-02T00:00:00.000Z,https://coinmarketcap.com/historical/20210502/,720000000.0,0.17887027094116045
2021-05-02,2021-05,NEAR,6535,5.27894861,365343579.0,1000000000.0,1000000000.0,1928629977.1764932,2021-05-02T23:00:00.000Z,2021-05-02T00:00:00.000Z,https://coinmarketcap.com/historical/20210502/,,
2021-05-02,2021-05,DOT,6636,36.65453024,934500915.4983342,1070025030.352522,,34253692068.166183,2021-05-02T23:00:00.000Z,2021-05-02T00:00:00.000Z,https://coinmarketcap.com/historical/20210502/,,
2021-06-06,2021-06,BTC,1,35862.37772747,18728612.0,18728612.0,21000000.0,671652557855.134,2021-06-06T23:00:00.000Z,2021-06-06T00:00:00.000Z,https://coinmarketcap.com/historical/20210606/,21000000.0,0.8918386666666667
2021-06-06,2021-06,ETH,1027,2715.09266119,116185328.0615,116185328.0615,,315453931557.77423,2021-06-06T23:00:00.000Z,2021-06-06T00:00:00.000Z,https://coinmarketcap.com/historical/20210606/,,
2021-06-06,2021-06,ADA,2010,1.67824828,31948309440.7478,45000000000.0,45000000000.0,53617195304.137505,2021-06-06T23:00:00.000Z,2021-06-06T00:00:00.000Z,https://coinmarketcap.com/historical/20210606/,45000000000.0,0.7099624320166178
2021-06-06,2021-06,ATOM,3794,15.09888382,210767262.762866,268551865.762866,,3182350413.310567,2021-06-06T23:00:00.000Z,2021-06-06T00:00:00.000Z,https://coinmarketcap.com/historical/20210606/,,
2021-06-06,2021-06,SOL,5426,42.30837824,272637427.57725775,494519161.74206734,,11534847407.952715,2021-06-06T23:00:00.000Z,2021-06-06T00:00:00.000Z,https://coinmarketcap.com/historical/20210606/,,
2021-06-06,2021-06,AVAX,5805,17.40011116,130736351.89754882,384902386.8975488,720000000.0,2274827055.820709,2021-06-06T23:00:00.000Z,2021-06-06T00:00:00.000Z,https://coinmarketcap.com/historical/20210606/,720000000.0,0.18157826652437337
2021-06-06,2021-06,NEAR,6535,3.1996672,395573565.0,1000000000.0,1000000000.0,1265703759.740177,2021-06-06T23:00:00.000Z,2021-06-06T00:00:00.000Z,https://coinmarketcap.com/historical/20210606/,,
2021-06-06,2021-06,DOT,6636,24.20159944,945461319.0037,1080985433.8578877,,22881676131.143772,2021-06-06T23:00:00.000Z,2021-06-06T00:00:00.000Z,https://coinmarketcap.com/historical/20210606/,,
2021-07-04,2021-07,BTC,1,35287.77976616,18747987.0,18747987.0,21000000.0,661574836314.859,2021-07-04T23:00:00.000Z,2021-07-04T00:00:00.000Z,https://coinmarketcap.com/historical/20210704/,21000000.0,0.8927612857142857
2021-07-04,2021-07,ETH,1027,2321.72411157,116560648.999,116560648.999,,270621669241.04282,2021-07-04T23:00:00.000Z,2021-07-04T00:00:00.000Z,https://coinmarketcap.com/historical/20210704/,,
2021-07-04,2021-07,ADA,2010,1.4581844,31946328269.464,32704886184.416,45000000000.0,46583637655.56189,2021-07-04T23:00:00.000Z,2021-07-04T00:00:00.000Z,https://coinmarketcap.com/historical/20210704/,45000000000.0,0.7099184059880889
2021-07-04,2021-07,ATOM,3794,12.26354828,217618497.262621,275403100.262621,,2668774947.7088585,2021-07-04T23:00:00.000Z,2021-07-04T00:00:00.000Z,https://coinmarketcap.com/historical/20210704/,,
2021-07-04,2021-07,SOL,5426,34.31060133,272637427.57725775,494519161.74206734,,9354354086.57438,2021-07-04T23:00:00.000Z,2021-07-04T00:00:00.000Z,https://coinmarketcap.com/historical/20210704/,,
2021-07-04,2021-07,AVAX,5805,12.35010032,172418164.00045115,385922102.3504511,720000000.0,2129381621.6111798,2021-07-04T23:00:00.000Z,2021-07-04T00:00:00.000Z,https://coinmarketcap.com/historical/20210704/,720000000.0,0.23946967222284882
2021-07-04,2021-07,NEAR,6535,2.29144441,411800268.0,1000000000.0,1000000000.0,943617422.8452282,2021-07-04T23:00:00.000Z,2021-07-04T00:00:00.000Z,https://coinmarketcap.com/historical/20210704/,,
2021-07-04,2021-07,DOT,6636,16.01402627,957627382.617465,1088351539.0426528,,15335470065.5019,2021-07-04T23:00:00.000Z,2021-07-04T00:00:00.000Z,https://coinmarketcap.com/historical/20210704/,,
2021-08-01,2021-08,BTC,1,39974.89602594,18773593.0,18773593.0,21000000.0,750472428208.3677,2021-08-01T23:00:00.000Z,2021-08-01T00:00:00.000Z,https://coinmarketcap.com/historical/20210801/,21000000.0,0.893980619047619
2021-08-01,2021-08,ETH,1027,2561.85215266,116932962.374,116932962.374,,299564961374.274,2021-08-01T23:00:00.000Z,2021-08-01T00:00:00.000Z,https://coinmarketcap.com/historical/20210801/,,
2021-08-01,2021-08,ADA,2010,1.3177302,32081226995.306,32936637337.181,45000000000.0,42274401646.456406,2021-08-01T23:00:00.000Z,2021-08-01T00:00:00.000Z,https://coinmarketcap.com/historical/20210801/,45000000000.0,0.7129161554512444
2021-08-01,2021-08,ATOM,3794,12.36202782,219056788.315481,276841391.315481,,2707986110.32297,2021-08-01T23:00:00.000Z,2021-08-01T00:00:00.000Z,https://coinmarketcap.com/historical/20210801/,,
2021-08-01,2021-08,SOL,5426,34.25436021,272637427.57725775,494519161.74206734,,9339020650.680443,2021-08-01T23:00:00.000Z,2021-08-01T00:00:00.000Z,https://coinmarketcap.com/historical/20210801/,,
2021-08-01,2021-08,AVAX,5805,12.87743168,173425854.49429426,386929792.84429425,720000000.0,2233279592.0126486,2021-08-01T23:00:00.000Z,2021-08-01T00:00:00.000Z,https://coinmarketcap.com/historical/20210801/,720000000.0,0.24086924235318646
2021-08-01,2021-08,NEAR,6535,2.39321864,421565578.0,1000000000.0,1000000000.0,1008898598.7934159,2021-08-01T23:00:00.000Z,2021-08-01T00:00:00.000Z,https://coinmarketcap.com/historical/20210801/,,
2021-08-01,2021-08,DOT,6636,18.41396516,980254251.8932725,1095978408.3184605,,18050367644.583656,2021-08-01T23:00:00.000Z,2021-08-01T00:00:00.000Z,https://coinmarketcap.com/historical/20210801/,,
2021-09-05,2021-09,BTC,1,51753.41192621,18807550.0,18807550.0,21000000.0,973354882472.7816,2021-09-05T23:00:00.000Z,2021-09-05T00:00:00.000Z,https://coinmarketcap.com/historical/20210905/,21000000.0,0.895597619047619
2021-09-05,2021-09,ETH,1027,3952.13349685,117404249.6865,117404249.6865,,463997267858.1807,2021-09-05T23:00:00.000Z,2021-09-05T00:00:00.000Z,https://coinmarketcap.com/historical/20210905/,,
2021-09-05,2021-09,ADA,2010,2.91082444,32014049408.229,33095610707.522,45000000000.0,93187277515.33496,2021-09-05T23:00:00.000Z,2021-09-05T00:00:00.000Z,https://coinmarketcap.com/historical/20210905/,45000000000.0,0.7114233201828667
2021-09-05,2021-09,ATOM,3794,25.75535769,220906857.497448,278691460.497448,,5689535131.412189,2021-09-05T23:00:00.000Z,2021-09-05T00:00:00.000Z,https://coinmarketcap.com/historical/20210905/,,
2021-09-05,2021-09,SOL,5426,142.07087706,291398606.22797835,503479076.89202905,,41399255561.4555,2021-09-05T23:00:00.000Z,2021-09-05T00:00:00.000Z,https://coinmarketcap.com/historical/20210905/,,
2021-09-05,2021-09,AVAX,5805,48.17892363,219916980.49808162,390758822.15808165,720000000.0,10595363408.103516,2021-09-05T23:00:00.000Z,2021-09-05T00:00:00.000Z,https://coinmarketcap.com/historical/20210905/,720000000.0,0.30544025069178005
2021-09-05,2021-09,NEAR,6535,6.1418502,447699577.0,1000000000.0,1000000000.0,2749703735.280055,2021-09-05T23:00:00.000Z,2021-09-05T00:00:00.000Z,https://coinmarketcap.com/historical/20210905/,,
2021-09-05,2021-09,DOT,6636,34.4087892,987579314.957085,1103303471.382273,,33981408465.063763,2021-09-05T23:00:00.000Z,2021-09-05T00:00:00.000Z,https://coinmarketcap.com/historical/20210905/,,
2021-10-03,2021-10,BTC,1,48199.95155727,18833868.0,18833868.0,21000000.0,907791525235.9336,2021-10-03T23:00:00.000Z,2021-10-03T00:00:00.000Z,https://coinmarketcap.com/historical/20211003/,21000000.0,0.8968508571428572
2021-10-03,2021-10,ETH,1027,3418.35865962,117781415.6865,117781415.6865,,402619122253.94476,2021-10-03T23:00:00.000Z,2021-10-03T00:00:00.000Z,https://coinmarketcap.com/historical/20211003/,,
2021-10-03,2021-10,ADA,2010,2.252873,32038100543.532,33117618880.453,45000000000.0,72177771731.76439,2021-10-03T23:00:00.000Z,2021-10-03T00:00:00.000Z,https://coinmarketcap.com/historical/20211003/,45000000000.0,0.7119577898562667
2021-10-03,2021-10,ATOM,3794,38.79066428,222351601.011869,280136204.011869,,8625166307.660433,2021-10-03T23:00:00.000Z,2021-10-03T00:00:00.000Z,https://coinmarketcap.com/historical/20211003/,,
2021-10-03,2021-10,SOL,5426,172.58915892,297840085.56316054,505530667.6799421,,51403969858.98405,2021-10-03T23:00:00.000Z,2021-10-03T00:00:00.000Z,https://coinmarketcap.com/historical/20211003/,,
2021-10-03,2021-10,AVAX,5805,68.71703954,220286577.20755112,391128418.8675511,720000000.0,15137441435.105314,2021-10-03T23:00:00.000Z,2021-10-03T00:00:00.000Z,https://coinmarketcap.com/historical/20211003/,720000000.0,0.3059535794549321
2021-10-03,2021-10,NEAR,6535,8.02400291,472542672.0,1000000000.0,1000000000.0,3791683772.8770556,2021-10-03T23:00:00.000Z,2021-10-03T00:00:00.000Z,https://coinmarketcap.com/historical/20211003/,,
2021-10-03,2021-10,DOT,6636,32.10525381,987579314.957085,1103303471.382273,,31706484564.470627,2021-10-03T23:00:00.000Z,2021-10-03T00:00:00.000Z,https://coinmarketcap.com/historical/20211003/,,
2021-11-07,2021-11,BTC,1,63326.9890281,18866818.0,18866818.0,21000000.0,1194778776481.1453,2021-11-07T23:00:00.000Z,2021-11-07T00:00:00.000Z,https://coinmarketcap.com/historical/20211107/,21000000.0,0.8984199047619048
2021-11-07,2021-11,ETH,1027,4620.55450295,118250238.499,118250238.499,,546381671971.18475,2021-11-07T23:00:00.000Z,2021-11-07T00:00:00.000Z,https://coinmarketcap.com/historical/20211107/,,
2021-11-07,2021-11,ADA,2010,2.02187201,33284645198.344,33697893006.831,45000000000.0,67297292605.334435,2021-11-07T23:00:00.000Z,2021-11-07T00:00:00.000Z,https://coinmarketcap.com/historical/20211107/,45000000000.0,0.7396587821854222
2021-11-07,2021-11,ATOM,3794,35.71666003,224189294.658133,281973897.658133,,8007292818.846076,2021-11-07T23:00:00.000Z,2021-11-07T00:00:00.000Z,https://coinmarketcap.com/historical/20211107/,,
2021-11-07,2021-11,SOL,5426,249.82348295,302512514.71972805,508383553.78989303,,75574730064.49269,2021-11-07T23:00:00.000Z,2021-11-07T00:00:00.000Z,https://coinmarketcap.com/historical/20211107/,,
2021-11-07,2021-11,AVAX,5805,87.70542389,220286577.20755112,391128418.8675511,720000000.0,19320327631.812412,2021-11-07T23:00:00.000Z,2021-11-07T00:00:00.000Z,https://coinmarketcap.com/historical/20211107/,720000000.0,0.3059535794549321
2021-11-07,2021-11,NEAR,6535,10.33841319,533749580.0,1000000000.0,1000000000.0,5518123700.142103,2021-11-07T23:00:00.000Z,2021-11-07T00:00:00.000Z,https://coinmarketcap.com/historical/20211107/,,
2021-11-07,2021-11,DOT,6636,52.27798013,987579314.957085,1103303471.382273,,51628651803.80626,2021-11-07T23:00:00.000Z,2021-11-07T00:00:00.000Z,https://coinmarketcap.com/historical/20211107/,,
2021-12-05,2021-12,BTC,1,49368.84709923,18892387.0,18892387.0,21000000.0,932695365142.3951,2021-12-05T23:00:00.000Z,2021-12-05T00:00:00.000Z,https://coinmarketcap.com/historical/20211205/,21000000.0,0.8996374761904762
2021-12-05,2021-12,ETH,1027,4198.32287254,118620670.874,118620670.874,,498007875686.38794,2021-12-05T23:00:00.000Z,2021-12-05T00:00:00.000Z,https://coinmarketcap.com/historical/20211205/,,
2021-12-05,2021-12,ADA,2010,1.37810468,33313246914.729,33719282563.077,45000000000.0,45909141522.14784,2021-12-05T23:00:00.000Z,2021-12-05T00:00:00.000Z,https://coinmarketcap.com/historical/20211205/,45000000000.0,0.7402943758828666
2021-12-05,2021-12,ATOM,3794,24.62522782,225725231.890493,283509834.890493,,5558535259.437257,2021-12-05T23:00:00.000Z,2021-12-05T00:00:00.000Z,https://coinmarketcap.com/historical/20211205/,,
2021-12-05,2021-12,SOL,5426,196.16825969,305774824.19570625,510610651.4987374,,59983315118.44435,2021-12-05T23:00:00.000Z,2021-12-05T00:00:00.000Z,https://coinmarketcap.com/historical/20211205/,,
2021-12-05,2021-12,AVAX,5805,85.79002033,242743157.0965285,394882031.09652853,,20824940381.421642,2021-12-05T23:00:00.000Z,2021-12-05T00:00:00.000Z,https://coinmarketcap.com/historical/20211205/,720000000.0,0.3371432737451785
2021-12-05,2021-12,NEAR,6535,7.34487673,570054803.0,1000000000.0,1000000000.0,4186982256.1790643,2021-12-05T23:00:00.000Z,2021-12-05T00:00:00.000Z,https://coinmarketcap.com/historical/20211205/,,
2021-12-05,2021-12,DOT,6636,28.31013892,987579314.957085,1103303471.382273,,27958507597.693336,2021-12-05T23:00:00.000Z,2021-12-05T00:00:00.000Z,https://coinmarketcap.com/historical/20211205/,,
2022-01-02,2022-01,BTC,1,47345.22056425,18918243.0,18918243.0,21000000.0,895688387523.1361,2022-01-02T23:00:00.000Z,2022-01-02T00:00:00.000Z,https://coinmarketcap.com/historical/20220102/,21000000.0,0.9008687142857142
2022-01-02,2022-01,ETH,1027,3829.56504454,118998780.5615,118998780.5615,,455713570380.8481,2022-01-02T23:00:00.000Z,2022-01-02T00:00:00.000Z,https://coinmarketcap.com/historical/20220102/,,
2022-01-02,2022-01,ADA,2010,1.37758355,33485491061.763,33927753982.173,45000000000.0,46129061735.766396,2022-01-02T23:00:00.000Z,2022-01-02T00:00:00.000Z,https://coinmarketcap.com/historical/20220102/,45000000000.0,0.7441220235947333
2022-01-02,2022-01,ATOM,3794,35.60345388,226226027.647699,284010630.647699,,8054427941.216951,2022-01-02T23:00:00.000Z,2022-01-02T00:00:00.000Z,https://coinmarketcap.com/historical/20220102/,,
2022-01-02,2022-01,SOL,5426,176.38284132,309284593.01375335,511616946.142289,,54552495291.76871,2022-01-02T23:00:00.000Z,2022-01-02T00:00:00.000Z,https://coinmarketcap.com/historical/20220102/,,
2022-01-02,2022-01,AVAX,5805,113.18633585,243741532.0590604,395880406.0590604,,27588210907.87485,2022-01-02T23:00:00.000Z,2022-01-02T00:00:00.000Z,https://coinmarketcap.com/historical/20220102/,720000000.0,0.3385299056375839
2022-01-02,2022-01,NEAR,6535,14.41052129,601788572.0,1000000000.0,1000000000.0,8672087026.240496,2022-01-02T23:00:00.000Z,2022-01-02T00:00:00.000Z,https://coinmarketcap.com/historical/20220102/,,
2022-01-02,2022-01,DOT,6636,29.73116568,987579314.957085,1103303471.382273,,29361884232.15381,2022-01-02T23:00:00.000Z,2022-01-02T00:00:00.000Z,https://coinmarketcap.com/historical/20220102/,,
2022-02-06,2022-02,BTC,1,42412.43423592,18950681.0,18950681.0,21000000.0,803744511638.3496,2022-02-06T23:00:00.000Z,2022-02-06T00:00:00.000Z,https://coinmarketcap.com/historical/20220206/,21000000.0,0.902413380952381
2022-02-06,2022-02,ETH,1027,3057.47612436,119473803.624,119473803.624,,365288302066.8064,2022-02-06T23:00:00.000Z,2022-02-06T00:00:00.000Z,https://coinmarketcap.com/historical/20220206/,,
2022-02-06,2022-02,ADA,2010,1.14454714,33579503407.547,34066349127.639,45000000000.0,38433324420.143234,2022-02-06T23:00:00.000Z,2022-02-06T00:00:00.000Z,https://coinmarketcap.com/historical/20220206/,45000000000.0,0.7462111868343778
2022-02-06,2022-02,ATOM,3794,31.25107893,286370297.0,0.0,,8949380755.014212,2022-02-06T23:00:00.000Z,2022-02-06T00:00:00.000Z,https://coinmarketcap.com/historical/20220206/,,
2022-02-06,2022-02,SOL,5426,115.29975782,316845382.6959943,511616946.142289,,36532195892.09006,2022-02-06T23:00:00.000Z,2022-02-06T00:00:00.000Z,https://coinmarketcap.com/historical/20220206/,,
2022-02-06,2022-02,AVAX,5805,78.75726325,245136940.53392607,395891289.9134107,,19306314558.702045,2022-02-06T23:00:00.000Z,2022-02-06T00:00:00.000Z,https://coinmarketcap.com/historical/20220206/,720000000.0,0.3404679729637862
2022-02-06,2022-02,NEAR,6535,13.49761347,632632475.0,1000000000.0,1000000000.0,8539028615.62859,2022-02-06T23:00:00.000Z,2022-02-06T00:00:00.000Z,https://coinmarketcap.com/historical/20220206/,,
2022-02-06,2022-02,DOT,6636,21.90333472,987579314.957085,1103303471.382273,,21631280299.891247,2022-02-06T23:00:00.000Z,2022-02-06T00:00:00.000Z,https://coinmarketcap.com/historical/20220206/,,
2022-03-06,2022-03,BTC,1,38419.98337739,18976125.0,18976125.0,21000000.0,729062407067.3235,2022-03-06T23:00:00.000Z,2022-03-06T00:00:00.000Z,https://coinmarketcap.com/historical/20220306/,21000000.0,0.903625
2022-03-06,2022-03,ETH,1027,2555.03744065,119853206.624,119853206.624,,306229430306.0665,2022-03-06T23:00:00.000Z,2022-03-06T00:00:00.000Z,https://coinmarketcap.com/historical/20220306/,,
2022-03-06,2022-03,ADA,2010,0.82375164,33674446474.763,34162713384.255,45000000000.0,27739380365.387466,2022-03-06T23:00:00.000Z,2022-03-06T00:00:00.000Z,https://coinmarketcap.com/historical/20220306/,45000000000.0,0.7483210327725112
2022-03-06,2022-03,ATOM,3794,28.12813502,286370297.0,0.0,,8055062379.824499,2022-03-06T23:00:00.000Z,2022-03-06T00:00:00.000Z,https://coinmarketcap.com/historical/20220306/,,
2022-03-06,2022-03,SOL,5426,84.54218633,320729196.7547799,511616946.142289,,27115147513.74096,2022-03-06T23:00:00.000Z,2022-03-06T00:00:00.000Z,https://coinmarketcap.com/historical/20220306/,,
2022-03-06,2022-03,AVAX,5805,72.52902187,265647382.16174552,395891289.9134107,,19267144791.272465,2022-03-06T23:00:00.000Z,2022-03-06T00:00:00.000Z,https://coinmarketcap.com/historical/20220306/,720000000.0,0.36895469744686876
2022-03-06,2022-03,NEAR,6535,10.1356393,645297518.0,1000000000.0,1000000000.0,6540502881.651915,2022-03-06T23:00:00.000Z,2022-03-06T00:00:00.000Z,https://coinmarketcap.com/historical/20220306/,,
2022-03-06,2022-03,DOT,6636,16.97882475,987579314.957085,1103303471.382273,,16767936113.347792,2022-03-06T23:00:00.000Z,2022-03-06T00:00:00.000Z,https://coinmarketcap.com/historical/20220306/,,
2022-04-03,2022-04,BTC,1,46453.56707632,19001856.0,19001856.0,21000000.0,882703992270.52,2022-04-03T23:00:00.000Z,2022-04-03T00:00:00.000Z,https://coinmarketcap.com/historical/20220403/,21000000.0,0.9048502857142857
2022-04-03,2022-04,ETH,1027,3522.8334005,120231936.499,120231936.499,,423557081705.00134,2022-04-03T23:00:00.000Z,2022-04-03T00:00:00.000Z,https://coinmarketcap.com/historical/20220403/,,
2022-04-03,2022-04,ADA,2010,1.18594126,33739028515.755,34277702081.605,45000000000.0,40012506060.11913,2022-04-03T23:00:00.000Z,2022-04-03T00:00:00.000Z,https://coinmarketcap.com/historical/20220403/,45000000000.0,0.749756189239
2022-04-03,2022-04,ATOM,3794,31.96029675,286370297.0,0.0,,9152479672.228231,2022-04-03T23:00:00.000Z,2022-04-03T00:00:00.000Z,https://coinmarketcap.com/historical/20220403/,,
2022-04-03,2022-04,SOL,5426,136.77532218,325813732.72337914,511616946.142289,,44563278264.23192,2022-04-03T23:00:00.000Z,2022-04-03T00:00:00.000Z,https://coinmarketcap.com/historical/20220403/,,
2022-04-03,2022-04,AVAX,5805,98.07777944,267386506.68001077,395891289.9134107,,26224674828.72633,2022-04-03T23:00:00.000Z,2022-04-03T00:00:00.000Z,https://coinmarketcap.com/historical/20220403/,720000000.0,0.3713701481666816
2022-04-03,2022-04,NEAR,6535,16.7732465,660441112.0,1000000000.0,1000000000.0,11077741569.580364,2022-04-03T23:00:00.000Z,2022-04-03T00:00:00.000Z,https://coinmarketcap.com/historical/20220403/,,
2022-04-03,2022-04,DOT,6636,23.20824736,987579314.957085,1103303471.382273,,22919985030.74818,2022-04-03T23:00:00.000Z,2022-04-03T00:00:00.000Z,https://coinmarketcap.com/historical/20220403/,,
2022-05-01,2022-05,BTC,1,38469.09390254,19027918.0,19027918.0,21000000.0,731986764311.8785,2022-05-01T23:00:00.000Z,2022-05-01T00:00:00.000Z,https://coinmarketcap.com/historical/20220501/,21000000.0,0.9060913333333334
2022-05-01,2022-05,ETH,1027,2827.75614426,120607954.874,120607954.874,,341049885442.04346,2022-05-01T23:00:00.000Z,2022-05-01T00:00:00.000Z,https://coinmarketcap.com/historical/20220501/,,
2022-05-01,2022-05,ADA,2010,0.7903445,33752565071.288,34277702081.605,45000000000.0,26676154076.970715,2022-05-01T23:00:00.000Z,2022-05-01T00:00:00.000Z,https://coinmarketcap.com/historical/20220501/,45000000000.0,0.7500570015841778
2022-05-01,2022-05,ATOM,3794,18.02641131,286370297.0,0.0,,5162228761.197408,2022-05-01T23:00:00.000Z,2022-05-01T00:00:00.000Z,https://coinmarketcap.com/historical/20220501/,,
2022-05-01,2022-05,SOL,5426,89.67150526,334402963.0596772,511616946.142289,,29986417059.759163,2022-05-01T23:00:00.000Z,2022-05-01T00:00:00.000Z,https://coinmarketcap.com/historical/20220501/,,
2022-05-01,2022-05,AVAX,5805,58.85614687,268627114.2085498,395891289.9134107,,15810356887.258377,2022-05-01T23:00:00.000Z,2022-05-01T00:00:00.000Z,https://coinmarketcap.com/historical/20220501/,720000000.0,0.3730932141785414
2022-05-01,2022-05,NEAR,6535,11.83907225,674764292.0,1000000000.0,1000000000.0,7988583206.309917,2022-05-01T23:00:00.000Z,2022-05-01T00:00:00.000Z,https://coinmarketcap.com/historical/20220501/,,
2022-05-01,2022-05,DOT,6636,15.38172903,987579314.957085,1103303471.382273,,15190677414.530502,2022-05-01T23:00:00.000Z,2022-05-01T00:00:00.000Z,https://coinmarketcap.com/historical/20220501/,,
2022-06-05,2022-06,BTC,1,29906.66174779,19059193.0,19059193.0,21000000.0,569996838236.8745,2022-06-05T23:00:00.000Z,2022-06-05T00:00:00.000Z,https://coinmarketcap.com/historical/20220605/,21000000.0,0.907580619047619
2022-06-05,2022-06,ETH,1027,1805.2049889,121063385.6865,121063385.6865,,218544227813.8088,2022-06-05T23:00:00.000Z,2022-06-05T00:00:00.000Z,https://coinmarketcap.com/historical/20220605/,,
2022-06-05,2022-06,ADA,2010,0.56708957,33739028515.755,34277702081.605,45000000000.0,19133051325.976574,2022-06-05T23:00:00.000Z,2022-06-05T00:00:00.000Z,https://coinmarketcap.com/historical/20220605/,45000000000.0,0.749756189239
2022-06-05,2022-06,ATOM,3794,9.18687232,286370297.0,0.0,,2630847353.374843,2022-06-05T23:00:00.000Z,2022-06-05T00:00:00.000Z,https://coinmarketcap.com/historical/20220605/,,
2022-06-05,2022-06,SOL,5426,38.48053163,339806210.04346085,511616946.142289,,13075923614.967993,2022-06-05T23:00:00.000Z,2022-06-05T00:00:00.000Z,https://coinmarketcap.com/historical/20220605/,,
2022-06-05,2022-06,AVAX,5805,24.16418168,280823810.11371434,404229626.49901325,720000000.0,6785877568.632055,2022-06-05T23:00:00.000Z,2022-06-05T00:00:00.000Z,https://coinmarketcap.com/historical/20220605/,720000000.0,0.39003306960238104
2022-06-05,2022-06,NEAR,6535,5.32160101,704969283.0,1000000000.0,1000000000.0,3751565247.8068376,2022-06-05T23:00:00.000Z,2022-06-05T00:00:00.000Z,https://coinmarketcap.com/historical/20220605/,,
2022-06-05,2022-06,DOT,6636,9.34499723,987579314.957085,1103303471.382273,,9228925960.85691,2022-06-05T23:00:00.000Z,2022-06-05T00:00:00.000Z,https://coinmarketcap.com/historical/20220605/,,
2022-07-03,2022-07,BTC,1,19297.07608279,19084375.0,19084375.0,21000000.0,368272636367.5492,2022-07-03T23:00:00.000Z,2022-07-03T00:00:00.000Z,https://coinmarketcap.com/historical/20220703/,21000000.0,0.908779761904762
2022-07-03,2022-07,ETH,1027,1073.76698751,121399635.249,121399635.249,,130354920626.22354,2022-07-03T23:00:00.000Z,2022-07-03T00:00:00.000Z,https://coinmarketcap.com/historical/20220703/,,
2022-07-03,2022-07,ADA,2010,0.4555868,33752565071.288,34277702081.605,45000000000.0,15377222959.95091,2022-07-03T23:00:00.000Z,2022-07-03T00:00:00.000Z,https://coinmarketcap.com/historical/20220703/,45000000000.0,0.7500570015841778
2022-07-03,2022-07,ATOM,3794,8.0972218,286370297.0,0.0,,2318803811.9169946,2022-07-03T23:00:00.000Z,2022-07-03T00:00:00.000Z,https://coinmarketcap.com/historical/20220703/,,
2022-07-03,2022-07,SOL,5426,33.38593166,343416618.2814275,511616946.142289,,11465283748.494583,2022-07-03T23:00:00.000Z,2022-07-03T00:00:00.000Z,https://coinmarketcap.com/historical/20220703/,,
2022-07-03,2022-07,AVAX,5805,16.66040249,282573079.5830471,404229626.49901325,720000000.0,4707781238.085228,2022-07-03T23:00:00.000Z,2022-07-03T00:00:00.000Z,https://coinmarketcap.com/historical/20220703/,720000000.0,0.39246261053200987
2022-07-03,2022-07,NEAR,6535,3.32231796,725911205.0,1000000000.0,1000000000.0,2411707835.5249453,2022-07-03T23:00:00.000Z,2022-07-03T00:00:00.000Z,https://coinmarketcap.com/historical/20220703/,,
2022-07-03,2022-07,DOT,6636,6.84384684,987579314.957085,1103303471.382273,,6758841572.72148,2022-07-03T23:00:00.000Z,2022-07-03T00:00:00.000Z,https://coinmarketcap.com/historical/20220703/,,
2022-08-07,2022-08,BTC,1,23175.89084908,19115337.0,19115337.0,21000000.0,443014963855.39105,2022-08-07T23:00:00.000Z,2022-08-07T00:00:00.000Z,https://coinmarketcap.com/historical/20220807/,21000000.0,0.9102541428571429
2022-08-07,2022-08,ETH,1027,1699.35077089,121872196.749,121872196.749,,207103611495.1092,2022-08-07T23:00:00.000Z,2022-08-07T00:00:00.000Z,https://coinmarketcap.com/historical/20220807/,,
2022-08-07,2022-08,ADA,2010,0.52747012,33739028515.755,34277702081.605,45000000000.0,17796329481.17694,2022-08-07T23:00:00.000Z,2022-08-07T00:00:00.000Z,https://coinmarketcap.com/historical/20220807/,45000000000.0,0.749756189239
2022-08-07,2022-08,ATOM,3794,11.36879962,286370297.0,0.0,,3255686523.1771994,2022-08-07T23:00:00.000Z,2022-08-07T00:00:00.000Z,https://coinmarketcap.com/historical/20220807/,,
2022-08-07,2022-08,SOL,5426,40.60559195,346971924.2283571,511616946.142289,,14089000374.0244,2022-08-07T23:00:00.000Z,2022-08-07T00:00:00.000Z,https://coinmarketcap.com/historical/20220807/,,
2022-08-07,2022-08,AVAX,5805,27.88996648,284470930.0268099,404229626.49901325,720000000.0,7933884703.29987,2022-08-07T23:00:00.000Z,2022-08-07T00:00:00.000Z,https://coinmarketcap.com/historical/20220807/,720000000.0,0.39509851392612483
2022-08-07,2022-08,NEAR,6535,4.98571626,753740362.0,1000000000.0,1000000000.0,3757935580.689433,2022-08-07T23:00:00.000Z,2022-08-07T00:00:00.000Z,https://coinmarketcap.com/historical/20220807/,,
2022-08-07,2022-08,DOT,6636,8.64640762,1104823434.5050883,1220047104.8302681,,9552753760.301254,2022-08-07T23:00:00.000Z,2022-08-07T00:00:00.000Z,https://coinmarketcap.com/historical/20220807/,,
2022-09-04,2022-09,BTC,1,19986.71383922,19141543.0,19141543.0,21000000.0,382576542382.124,2022-09-04T23:00:00.000Z,2022-09-04T00:00:00.000Z,https://coinmarketcap.com/historical/20220904/,21000000.0,0.9115020476190476
2022-09-04,2022-09,ETH,1027,1577.64162535,122241565.1865,122241565.1865,,192853381586.05536,2022-09-04T23:00:00.000Z,2022-09-04T00:00:00.000Z,https://coinmarketcap.com/historical/20220904/,,
2022-09-04,2022-09,ADA,2010,0.50308397,34182044152.629,34854947575.48,45000000000.0,17196438526.167812,2022-09-04T23:00:00.000Z,2022-09-04T00:00:00.000Z,https://coinmarketcap.com/historical/20220904/,45000000000.0,0.7596009811695333
2022-09-04,2022-09,ATOM,3794,13.00237638,286370297.0,0.0,,3723494384.8455863,2022-09-04T23:00:00.000Z,2022-09-04T00:00:00.000Z,https://coinmarketcap.com/historical/20220904/,,
2022-09-04,2022-09,SOL,5426,32.10695659,349839719.95003617,511616946.142289,,11232288701.592419,2022-09-04T23:00:00.000Z,2022-09-04T00:00:00.000Z,https://coinmarketcap.com/historical/20220904/,,
2022-09-04,2022-09,AVAX,5805,19.00500068,294497821.5345846,404229626.49901325,720000000.0,5596931299.349038,2022-09-04T23:00:00.000Z,2022-09-04T00:00:00.000Z,https://coinmarketcap.com/historical/20220904/,720000000.0,0.40902475213136746
2022-09-04,2022-09,NEAR,6535,4.2374325,776285352.0,1000000000.0,1000000000.0,3289456778.0936737,2022-09-04T23:00:00.000Z,2022-09-04T00:00:00.000Z,https://coinmarketcap.com/historical/20220904/,,
2022-09-04,2022-09,DOT,6636,7.37043286,1113617437.036761,1229041107.3619409,,8207842547.606454,2022-09-04T23:00:00.000Z,2022-09-04T00:00:00.000Z,https://coinmarketcap.com/historical/20220904/,,
2022-10-02,2022-10,BTC,1,19044.10727237,19167337.0,19167337.0,21000000.0,365024821953.6876,2022-10-02T00:00:00.000Z,2022-10-02T00:00:00.000Z,https://coinmarketcap.com/historical/20221002/,21000000.0,0.9127303333333333
2022-10-02,2022-10,ETH,1027,1276.09355832,122625799.499,122625799.499,,156481992824.6881,2022-10-02T00:00:00.000Z,2022-10-02T00:00:00.000Z,https://coinmarketcap.com/historical/20221002/,,
2022-10-02,2022-10,ADA,2010,0.41963259,34253155874.558,34969499401.181,45000000000.0,14373740433.114214,2022-10-02T00:00:00.000Z,2022-10-02T00:00:00.000Z,https://coinmarketcap.com/historical/20221002/,45000000000.0,0.7611812416568444
2022-10-02,2022-10,ATOM,3794,12.0251224,286370297.0,0.0,,3443637873.7986617,2022-10-02T00:00:00.000Z,2022-10-02T00:00:00.000Z,https://coinmarketcap.com/historical/20221002/,,
2022-10-02,2022-10,SOL,5426,32.05569834,355416348.40964216,511616946.142289,,11393119249.461716,2022-10-02T00:00:00.000Z,2022-10-02T00:00:00.000Z,https://coinmarketcap.com/historical/20221002/,,
2022-10-02,2022-10,AVAX,5805,16.53337796,296055918.84615076,404229626.49901325,720000000.0,4894804403.144083,2022-10-02T00:00:00.000Z,2022-10-02T00:00:00.000Z,https://coinmarketcap.com/historical/20221002/,720000000.0,0.4111887761752094
2022-10-02,2022-10,NEAR,6535,3.47840083,799177890.0,1000000000.0,1000000000.0,2779861037.5064354,2022-10-02T00:00:00.000Z,2022-10-02T00:00:00.000Z,https://coinmarketcap.com/historical/20221002/,,
2022-10-02,2022-10,DOT,6636,6.16330025,1128091738.690325,1238215389.0155048,,6952768096.08442,2022-10-02T00:00:00.000Z,2022-10-02T00:00:00.000Z,https://coinmarketcap.com/historical/20221002/,,
2022-11-06,2022-11,BTC,1,20926.48597382,19200181.0,19200181.0,21000000.0,401792318391.33417,2022-11-06T00:00:00.000Z,2022-11-06T00:00:00.000Z,https://coinmarketcap.com/historical/20221106/,21000000.0,0.9142943333333333
2022-11-06,2022-11,ETH,1027,1572.23475709,122373863.499,122373863.499,,192400441552.2101,2022-11-06T00:00:00.000Z,2022-11-06T00:00:00.000Z,https://coinmarketcap.com/historical/20221106/,,
2022-11-06,2022-11,ADA,2010,0.40300487,34343840359.064,35120196046.737,45000000000.0,13840734879.511005,2022-11-06T00:00:00.000Z,2022-11-06T00:00:00.000Z,https://coinmarketcap.com/historical/20221106/,45000000000.0,0.7631964524236444
2022-11-06,2022-11,ATOM,3794,14.48029946,286370297.0,0.0,,4146727657.116373,2022-11-06T00:00:00.000Z,2022-11-06T00:00:00.000Z,https://coinmarketcap.com/historical/20221106/,,
2022-11-06,2022-11,SOL,5426,32.68358416,359222248.5652918,511616946.142289,,11740670592.501997,2022-11-06T00:00:00.000Z,2022-11-06T00:00:00.000Z,https://coinmarketcap.com/historical/20221106/,,
2022-11-06,2022-11,AVAX,5805,18.27922992,299244784.25271624,404229626.49901325,720000000.0,5469964214.6323805,2022-11-06T00:00:00.000Z,2022-11-06T00:00:00.000Z,https://coinmarketcap.com/historical/20221106/,720000000.0,0.4156177559065503
2022-11-06,2022-11,NEAR,6535,3.09666068,819485703.0,1000000000.0,1000000000.0,2537669156.6955004,2022-11-06T00:00:00.000Z,2022-11-06T00:00:00.000Z,https://coinmarketcap.com/historical/20221106/,,
2022-11-06,2022-11,DOT,6636,6.82086548,1150692836.2680693,1249204694.593249,,7848721049.436448,2022-11-06T00:00:00.000Z,2022-11-06T00:00:00.000Z,https://coinmarketcap.com/historical/20221106/,,
2022-11-06,2022-11,APT,21794,7.29846481,130000000.0,1000000000.0,0.0,948800425.3724066,2022-11-06T00:00:00.000Z,2022-11-06T00:00:00.000Z,https://coinmarketcap.com/historical/20221106/,,
2022-12-04,2022-12,BTC,1,17130.48594722,19224431.0,19224431.0,21000000.0,329323845088.7385,2022-12-04T00:00:00.000Z,2022-12-04T00:00:00.000Z,https://coinmarketcap.com/historical/20221204/,21000000.0,0.9154490952380953
2022-12-04,2022-12,ETH,1027,1280.2565937,122373866.2178,122373866.2178,,156669949121.3492,2022-12-04T00:00:00.000Z,2022-12-04T00:00:00.000Z,https://coinmarketcap.com/historical/20221204/,,
2022-12-04,2022-12,ADA,2010,0.32274969,34451542280.755,35212260956.882,45000000000.0,11119224610.716333,2022-12-04T00:00:00.000Z,2022-12-04T00:00:00.000Z,https://coinmarketcap.com/historical/20221204/,45000000000.0,0.7655898284612221
2022-12-04,2022-12,ATOM,3794,10.26646276,286370297.0,0.0,,2940009988.633001,2022-12-04T00:00:00.000Z,2022-12-04T00:00:00.000Z,https://coinmarketcap.com/historical/20221204/,,
2022-12-04,2022-12,SOL,5426,13.71821868,363835736.36552316,535193951.16214234,,4991178196.803446,2022-12-04T00:00:00.000Z,2022-12-04T00:00:00.000Z,https://coinmarketcap.com/historical/20221204/,,
2022-12-04,2022-12,AVAX,5805,13.92561458,310157351.38298875,404229626.49901325,720000000.0,4319131735.519832,2022-12-04T00:00:00.000Z,2022-12-04T00:00:00.000Z,https://coinmarketcap.com/historical/20221204/,720000000.0,0.43077409914303993
2022-12-04,2022-12,NEAR,6535,1.72977979,833592457.0,1000000000.0,1000000000.0,1441931388.2206035,2022-12-04T00:00:00.000Z,2022-12-04T00:00:00.000Z,https://coinmarketcap.com/historical/20221204/,,
2022-12-04,2022-12,DOT,6636,5.59565741,1141637198.895152,1257660869.200332,,6388210650.927616,2022-12-04T00:00:00.000Z,2022-12-04T00:00:00.000Z,https://coinmarketcap.com/historical/20221204/,,
2022-12-04,2022-12,APT,21794,5.19481741,130000000.0,1000000000.0,0.0,675326263.8673801,2022-12-04T00:00:00.000Z,2022-12-04T00:00:00.000Z,https://coinmarketcap.com/historical/20221204/,,
2023-01-01,2023-01,BTC,1,16625.08055071,19249581.0,19249581.0,21000000.0,320025834692.39905,2023-01-01T00:00:00.000Z,2023-01-01T00:00:00.000Z,https://coinmarketcap.com/historical/20230101/,21000000.0,0.9166467142857143
2023-01-01,2023-01,ETH,1027,1200.96483157,122373866.2178,122373866.2178,,146966709631.13104,2023-01-01T00:00:00.000Z,2023-01-01T00:00:00.000Z,https://coinmarketcap.com/historical/20230101/,,
2023-01-01,2023-01,ADA,2010,0.2497706,34518582840.941,35285627462.326,45000000000.0,8621727158.3239,2023-01-01T00:00:00.000Z,2023-01-01T00:00:00.000Z,https://coinmarketcap.com/historical/20230101/,45000000000.0,0.7670796186875778
2023-01-01,2023-01,ATOM,3794,9.46446915,286370297.0,0.0,,2710342840.084867,2023-01-01T00:00:00.000Z,2023-01-01T00:00:00.000Z,https://coinmarketcap.com/historical/20230101/,,
2023-01-01,2023-01,SOL,5426,9.98217272,367802098.2664776,537636571.9941616,,3671464072.156915,2023-01-01T00:00:00.000Z,2023-01-01T00:00:00.000Z,https://coinmarketcap.com/historical/20230101/,,
2023-01-01,2023-01,AVAX,5805,10.86591514,311582142.74122435,416988132.74122435,720000000.0,3385625121.7453785,2023-01-01T00:00:00.000Z,2023-01-01T00:00:00.000Z,https://coinmarketcap.com/historical/20230101/,720000000.0,0.43275297602947826
2023-01-01,2023-01,NEAR,6535,1.27581873,844123352.0,1000000000.0,1000000000.0,1076948379.2090197,2023-01-01T00:00:00.000Z,2023-01-01T00:00:00.000Z,https://coinmarketcap.com/historical/20230101/,,
2023-01-01,2023-01,DOT,6636,4.3708162,1152090765.6479094,1268314435.9530892,,5035576982.988262,2023-01-01T00:00:00.000Z,2023-01-01T00:00:00.000Z,https://coinmarketcap.com/historical/20230101/,,
2023-01-01,2023-01,APT,21794,3.52665976,130000000.0,1000000000.0,0.0,458465768.17537993,2023-01-01T00:00:00.000Z,2023-01-01T00:00:00.000Z,https://coinmarketcap.com/historical/20230101/,,
2023-02-05,2023-02,BTC,1,22955.6660163,19282487.0,19282487.0,21000000.0,442642331535.5971,2023-02-05T00:00:00.000Z,2023-02-05T00:00:00.000Z,https://coinmarketcap.com/historical/20230205/,21000000.0,0.9182136666666667
2023-02-05,2023-02,ETH,1027,1631.64587941,122373866.2178,122373866.2178,,199670814561.8717,2023-02-05T00:00:00.000Z,2023-02-05T00:00:00.000Z,https://coinmarketcap.com/historical/20230205/,,
2023-02-05,2023-02,ADA,2010,0.39247202,34609203765.937,35449292673.58,45000000000.0,13583144197.664692,2023-02-05T00:00:00.000Z,2023-02-05T00:00:00.000Z,https://coinmarketcap.com/historical/20230205/,45000000000.0,0.7690934170208221
2023-02-05,2023-02,ATOM,3794,14.75455631,286370297.0,0.0,,4225266672.272309,2023-02-05T00:00:00.000Z,2023-02-05T00:00:00.000Z,https://coinmarketcap.com/historical/20230205/,,
2023-02-05,2023-02,SOL,5426,23.49343767,372566810.0577435,539312704.8875339,,8752875129.697897,2023-02-05T00:00:00.000Z,2023-02-05T00:00:00.000Z,https://coinmarketcap.com/historical/20230205/,,
2023-02-05,2023-02,AVAX,5805,20.10801719,315076344.877031,420482334.877031,720000000.0,6335560558.994819,2023-02-05T00:00:00.000Z,2023-02-05T00:00:00.000Z,https://coinmarketcap.com/historical/20230205/,720000000.0,0.437606034551432
2023-02-05,2023-02,NEAR,6535,2.38965082,853924383.0,1000000000.0,1000000000.0,2040581102.3677003,2023-02-05T00:00:00.000Z,2023-02-05T00:00:00.000Z,https://coinmarketcap.com/historical/20230205/,,
2023-02-05,2023-02,DOT,6636,6.64472372,1154224073.0046296,1280647743.3098097,,7669500078.569612,2023-02-05T00:00:00.000Z,2023-02-05T00:00:00.000Z,https://coinmarketcap.com/historical/20230205/,,
2023-02-05,2023-02,APT,21794,15.4265617,160289078.0,1015668377.0,0.0,2472709352.292138,2023-02-05T00:00:00.000Z,2023-02-05T00:00:00.000Z,https://coinmarketcap.com/historical/20230205/,,
2023-03-05,2023-03,BTC,1,22435.51419697,19309393.0,19309393.0,21000000.0,433216160786.4405,2023-03-05T00:00:00.000Z,2023-03-05T00:00:00.000Z,https://coinmarketcap.com/historical/20230305/,21000000.0,0.9194949047619048
2023-03-05,2023-03,ETH,1027,1564.46872071,122373866.2178,122373866.2178,,191450085930.18884,2023-03-05T00:00:00.000Z,2023-03-05T00:00:00.000Z,https://coinmarketcap.com/historical/20230305/,,
2023-03-05,2023-03,ADA,2010,0.3371017,34683251011.21,35538184453.812,45000000000.0,11691782766.96735,2023-03-05T00:00:00.000Z,2023-03-05T00:00:00.000Z,https://coinmarketcap.com/historical/20230305/,45000000000.0,0.7707389113602222
2023-03-05,2023-03,ATOM,3794,12.02549607,286370297.0,0.0,,3443744882.2874103,2023-03-05T00:00:00.000Z,2023-03-05T00:00:00.000Z,https://coinmarketcap.com/historical/20230305/,,
2023-03-05,2023-03,SOL,5426,20.97858416,382279119.3032615,539312704.8875339,,8019674678.265286,2023-03-05T00:00:00.000Z,2023-03-05T00:00:00.000Z,https://coinmarketcap.com/historical/20230305/,,
2023-03-05,2023-03,AVAX,5805,16.15933843,325068046.3252801,421130766.3252801,720000000.0,5252884573.09644,2023-03-05T00:00:00.000Z,2023-03-05T00:00:00.000Z,https://coinmarketcap.com/historical/20230305/,720000000.0,0.4514833976740001
2023-03-05,2023-03,NEAR,6535,2.03228607,865207871.0,1000000000.0,1000000000.0,1758349906.8917625,2023-03-05T00:00:00.000Z,2023-03-05T00:00:00.000Z,https://coinmarketcap.com/historical/20230305/,,
2023-03-05,2023-03,DOT,6636,5.98006831,1163169117.9116776,1289592788.2168574,,6955830776.739766,2023-03-05T00:00:00.000Z,2023-03-05T00:00:00.000Z,https://coinmarketcap.com/historical/20230305/,,
2023-03-05,2023-03,APT,21794,11.17549243,162624556.0,1015668377.0,0.0,1817409494.817921,2023-03-05T00:00:00.000Z,2023-03-05T00:00:00.000Z,https://coinmarketcap.com/historical/20230305/,,
2023-04-02,2023-04,BTC,1,28199.30838377,19335437.0,19335437.0,21000000.0,545245950698.04315,2023-04-02T00:00:00.000Z,2023-04-02T00:00:00.000Z,https://coinmarketcap.com/historical/20230402/,21000000.0,0.9207350952380953
2023-04-02,2023-04,ETH,1027,1795.70809194,120457776.0,120457776.0,,216307003100.75403,2023-04-02T00:00:00.000Z,2023-04-02T00:00:00.000Z,https://coinmarketcap.com/historical/20230402/,,
2023-04-02,2023-04,ADA,2010,0.38175295,34742758662.681,35643358227.611,45000000000.0,13263150756.349272,2023-04-02T00:00:00.000Z,2023-04-02T00:00:00.000Z,https://coinmarketcap.com/historical/20230402/,45000000000.0,0.7720613036151334
2023-04-02,2023-04,ATOM,3794,11.12576062,286370297.0,0.0,,3186087373.3501916,2023-04-02T00:00:00.000Z,2023-04-02T00:00:00.000Z,https://coinmarketcap.com/historical/20230402/,,
2023-04-02,2023-04,SOL,5426,20.53697599,385669689.45756316,539312704.8875339,,7920489152.316774,2023-04-02T00:00:00.000Z,2023-04-02T00:00:00.000Z,https://coinmarketcap.com/historical/20230402/,,
2023-04-02,2023-04,AVAX,5805,17.26328754,325944384.3494102,422007104.3494102,720000000.0,5626871630.198876,2023-04-02T00:00:00.000Z,2023-04-02T00:00:00.000Z,https://coinmarketcap.com/historical/20230402/,720000000.0,0.45270053381862524
2023-04-02,2023-04,NEAR,6535,1.92048875,866021029.0,1000000000.0,1000000000.0,1663183641.1324692,2023-04-02T00:00:00.000Z,2023-04-02T00:00:00.000Z,https://coinmarketcap.com/historical/20230402/,,
2023-04-02,2023-04,DOT,6636,6.26722949,1172551449.4330068,1299030326.7381866,,7348649018.5398035,2023-04-02T00:00:00.000Z,2023-04-02T00:00:00.000Z,https://coinmarketcap.com/historical/20230402/,,
2023-04-02,2023-04,APT,21794,12.16478217,177305846.0,1024588456.0,0.0,2156886994.7929997,2023-04-02T00:00:00.000Z,2023-04-02T00:00:00.000Z,https://coinmarketcap.com/historical/20230402/,,
2023-05-07,2023-05,BTC,1,28454.97828551,19366850.0,19366850.0,21000000.0,551083296208.7969,2023-05-07T00:00:00.000Z,2023-05-07T00:00:00.000Z,https://coinmarketcap.com/historical/20230507/,21000000.0,0.9222309523809524
2023-05-07,2023-05,ETH,1027,1873.07647084,120344574.70344411,120344574.70344411,,225414591269.89496,2023-05-07T00:00:00.000Z,2023-05-07T00:00:00.000Z,https://coinmarketcap.com/historical/20230507/,,
2023-05-07,2023-05,ADA,2010,0.37690614,34830987271.103,35761344982.358,45000000000.0,13128013021.834923,2023-05-07T00:00:00.000Z,2023-05-07T00:00:00.000Z,https://coinmarketcap.com/historical/20230507/,45000000000.0,0.7740219393578444
2023-05-07,2023-05,ATOM,3794,11.00503576,286370297.0,0.0,,3151515359.280692,2023-05-07T00:00:00.000Z,2023-05-07T00:00:00.000Z,https://coinmarketcap.com/historical/20230507/,,
2023-05-07,2023-05,SOL,5426,21.84422936,394890743.16672385,539312704.8875339,,8626083965.26248,2023-05-07T00:00:00.000Z,2023-05-07T00:00:00.000Z,https://coinmarketcap.com/historical/20230507/,,
2023-05-07,2023-05,AVAX,5805,16.4477303,330640249.2285176,426702969.2285176,720000000.0,5438281644.061127,2023-05-07T00:00:00.000Z,2023-05-07T00:00:00.000Z,https://coinmarketcap.com/historical/20230507/,720000000.0,0.4592225683729411
2023-05-07,2023-05,NEAR,6535,1.73936127,897655692.0,1000000000.0,1000000000.0,1561347547.2739456,2023-05-07T00:00:00.000Z,2023-05-07T00:00:00.000Z,https://coinmarketcap.com/historical/20230507/,,
2023-05-07,2023-05,DOT,6636,5.64127694,1181706961.821397,1311185839.126577,,6666336238.43295,2023-05-07T00:00:00.000Z,2023-05-07T00:00:00.000Z,https://coinmarketcap.com/historical/20230507/,,
2023-05-07,2023-05,SUI,20947,1.24090343,528273718.0,10000000000.0,10000000000.0,655536670.7142048,2023-05-07T00:00:00.000Z,2023-05-07T00:00:00.000Z,https://coinmarketcap.com/historical/20230507/,10000000000.0,0.0528273718
2023-05-07,2023-05,APT,21794,9.22841194,190463216.5519918,1033202348.5636418,,1757673021.47457,2023-05-07T00:00:00.000Z,2023-05-07T00:00:00.000Z,https://coinmarketcap.com/historical/20230507/,,
2023-06-04,2023-06,BTC,1,27119.06719313,19393006.0,19393006.0,21000000.0,525920232790.7017,2023-06-04T00:00:00.000Z,2023-06-04T00:00:00.000Z,https://coinmarketcap.com/historical/20230604/,21000000.0,0.9234764761904762
2023-06-04,2023-06,ETH,1027,1890.51355957,120236126.76773931,120236126.76773931,,227308028004.54587,2023-06-04T00:00:00.000Z,2023-06-04T00:00:00.000Z,https://coinmarketcap.com/historical/20230604/,,
2023-06-04,2023-06,ADA,2010,0.37769318,34894110743.512,35842779602.84,45000000000.0,13179267542.182486,2023-06-04T00:00:00.000Z,2023-06-04T00:00:00.000Z,https://coinmarketcap.com/historical/20230604/,45000000000.0,0.7754246831891556
2023-06-04,2023-06,ATOM,3794,10.75186629,346608690.0,0.0,,3726690289.6347914,2023-06-04T00:00:00.000Z,2023-06-04T00:00:00.000Z,https://coinmarketcap.com/historical/20230604/,,
2023-06-04,2023-06,SOL,5426,21.81897623,396968488.5974945,549207497.1940802,,8661446017.182009,2023-06-04T00:00:00.000Z,2023-06-04T00:00:00.000Z,https://coinmarketcap.com/historical/20230604/,,
2023-06-04,2023-06,AVAX,5805,14.7824926,344211981.3566124,430931431.3566124,720000000.0,5088311066.673493,2023-06-04T00:00:00.000Z,2023-06-04T00:00:00.000Z,https://coinmarketcap.com/historical/20230604/,720000000.0,0.4780721963286283
2023-06-04,2023-06,NEAR,6535,1.61780847,912549715.0,1000000000.0,,1476330654.6022403,2023-06-04T00:00:00.000Z,2023-06-04T00:00:00.000Z,https://coinmarketcap.com/historical/20230604/,,
2023-06-04,2023-06,DOT,6636,5.31944233,1191156641.9561753,1320635519.2613552,,6336289067.839177,2023-06-04T00:00:00.000Z,2023-06-04T00:00:00.000Z,https://coinmarketcap.com/historical/20230604/,,
2023-06-04,2023-06,SUI,20947,0.96079088,528273718.0,10000000000.0,10000000000.0,507560571.4838002,2023-06-04T00:00:00.000Z,2023-06-04T00:00:00.000Z,https://coinmarketcap.com/historical/20230604/,10000000000.0,0.0528273718
2023-06-04,2023-06,APT,21794,9.20019998,199737538.23488173,1037933192.2485574,,1837625294.4949515,2023-06-04T00:00:00.000Z,2023-06-04T00:00:00.000Z,https://coinmarketcap.com/historical/20230604/,,
2023-07-02,2023-07,BTC,1,30620.77026345,19418256.0,19418256.0,21000000.0,594601955892.823,2023-07-02T00:00:00.000Z,2023-07-02T00:00:00.000Z,https://coinmarketcap.com/historical/20230702/,21000000.0,0.9246788571428571
2023-07-02,2023-07,ETH,1027,1937.4383914,120218755.44790943,120218755.44790943,,232916432171.50433,2023-07-02T00:00:00.000Z,2023-07-02T00:00:00.000Z,https://coinmarketcap.com/historical/20230702/,,
2023-07-02,2023-07,ADA,2010,0.29205496,34949540147.923,35936967442.34,45000000000.0,10207186400.622728,2023-07-02T00:00:00.000Z,2023-07-02T00:00:00.000Z,https://coinmarketcap.com/historical/20230702/,45000000000.0,0.7766564477316221
2023-07-02,2023-07,ATOM,3794,9.5880627,346608690.0,0.0,,3323305853.1181297,2023-07-02T00:00:00.000Z,2023-07-02T00:00:00.000Z,https://coinmarketcap.com/historical/20230702/,,
2023-07-02,2023-07,SOL,5426,19.45359494,400893915.5256072,551547707.2102296,,7798827845.655891,2023-07-02T00:00:00.000Z,2023-07-02T00:00:00.000Z,https://coinmarketcap.com/historical/20230702/,,
2023-07-02,2023-07,AVAX,5805,13.1191435,345597678.79942423,432317128.79942423,715748719.0,4533945542.548253,2023-07-02T00:00:00.000Z,2023-07-02T00:00:00.000Z,https://coinmarketcap.com/historical/20230702/,720000000.0,0.47999677611031144
2023-07-02,2023-07,NEAR,6535,1.46812951,927341457.0,1000000000.0,,1361457358.0293536,2023-07-02T00:00:00.000Z,2023-07-02T00:00:00.000Z,https://coinmarketcap.com/historical/20230702/,,
2023-07-02,2023-07,DOT,6636,5.5019146,1201007014.5689683,1330485891.8741481,,6607838028.57679,2023-07-02T00:00:00.000Z,2023-07-02T00:00:00.000Z,https://coinmarketcap.com/historical/20230702/,,
2023-07-02,2023-07,SUI,20947,0.69056718,582598087.8974359,10000000000.0,10000000000.0,402323115.842813,2023-07-02T00:00:00.000Z,2023-07-02T00:00:00.000Z,https://coinmarketcap.com/historical/20230702/,10000000000.0,0.05825980878974359
2023-07-02,2023-07,APT,21794,7.34540343,208937413.10764277,1042589589.1237795,,1534729590.31379,2023-07-02T00:00:00.000Z,2023-07-02T00:00:00.000Z,https://coinmarketcap.com/historical/20230702/,,
2023-08-06,2023-08,BTC,1,29041.85617094,19450018.0,19450018.0,21000000.0,564864625278.1993,2023-08-06T00:00:00.000Z,2023-08-06T00:00:00.000Z,https://coinmarketcap.com/historical/20230806/,21000000.0,0.9261913333333334
2023-08-06,2023-08,ETH,1027,1827.46207917,120163084.11025219,120163084.11025219,,219593479527.47534,2023-08-06T00:00:00.000Z,2023-08-06T00:00:00.000Z,https://coinmarketcap.com/historical/20230806/,,
2023-08-06,2023-08,ADA,2010,0.29208191,35021373309.918,36045784123.046,45000000000.0,10229109437.43137,2023-08-06T00:00:00.000Z,2023-08-06T00:00:00.000Z,https://coinmarketcap.com/historical/20230806/,45000000000.0,0.7782527402204
2023-08-06,2023-08,ATOM,3794,8.47585297,346608690.0,0.0,,2937804296.2729607,2023-08-06T00:00:00.000Z,2023-08-06T00:00:00.000Z,https://coinmarketcap.com/historical/20230806/,,
2023-08-06,2023-08,SOL,5426,23.18569581,405092509.27506304,554222929.7048817,,9392351696.131397,2023-08-06T00:00:00.000Z,2023-08-06T00:00:00.000Z,https://coinmarketcap.com/historical/20230806/,,
2023-08-06,2023-08,AVAX,5805,12.57241557,346338359.1373054,433057809.1373054,720000000.0,4354309777.719505,2023-08-06T00:00:00.000Z,2023-08-06T00:00:00.000Z,https://coinmarketcap.com/historical/20230806/,720000000.0,0.481025498801813
2023-08-06,2023-08,NEAR,6535,1.33732001,941671517.0,1000000000.0,,1259316163.220814,2023-08-06T00:00:00.000Z,2023-08-06T00:00:00.000Z,https://coinmarketcap.com/historical/20230806/,,
2023-08-06,2023-08,DOT,6636,4.99816711,1212866777.6075687,1342345654.9127486,,6062110840.792888,2023-08-06T00:00:00.000Z,2023-08-06T00:00:00.000Z,https://coinmarketcap.com/historical/20230806/,,
2023-08-06,2023-08,SUI,20947,0.59149034,723162190.4615384,10000000000.0,10000000000.0,427743446.86716896,2023-08-06T00:00:00.000Z,2023-08-06T00:00:00.000Z,https://coinmarketcap.com/historical/20230806/,10000000000.0,0.07231621904615385
2023-08-06,2023-08,APT,21794,6.71713819,219415381.07158053,1048524079.1025846,,1473843436.29965,2023-08-06T00:00:00.000Z,2023-08-06T00:00:00.000Z,https://coinmarketcap.com/historical/20230806/,,
2023-09-03,2023-09,BTC,1,25969.56735263,19475643.0,19475643.0,21000000.0,505774022624.30896,2023-09-03T00:00:00.000Z,2023-09-03T00:00:00.000Z,https://coinmarketcap.com/historical/20230903/,21000000.0,0.9274115714285714
2023-09-03,2023-09,ETH,1027,1636.11767858,120216736.72469984,120216736.72469984,,196688728216.06924,2023-09-03T00:00:00.000Z,2023-09-03T00:00:00.000Z,https://coinmarketcap.com/historical/20230903/,,
2023-09-03,2023-09,ADA,2010,0.25579318,35077942012.492,36137410585.885,45000000000.0,8972698220.501644,2023-09-03T00:00:00.000Z,2023-09-03T00:00:00.000Z,https://coinmarketcap.com/historical/20230903/,45000000000.0,0.7795098224998221
2023-09-03,2023-09,ATOM,3794,6.80862153,362628683.0,362628683.0,,2469001459.3158445,2023-09-03T00:00:00.000Z,2023-09-03T00:00:00.000Z,https://coinmarketcap.com/historical/20230903/,,
2023-09-03,2023-09,SOL,5426,19.57874617,408701125.3175625,556524378.2159609,,8001855593.929708,2023-09-03T00:00:00.000Z,2023-09-03T00:00:00.000Z,https://coinmarketcap.com/historical/20230903/,,
2023-09-03,2023-09,AVAX,5805,9.88493405,353561504.8048769,430937684.8048769,720000000.0,3494932158.412759,2023-09-03T00:00:00.000Z,2023-09-03T00:00:00.000Z,https://coinmarketcap.com/historical/20230903/,720000000.0,0.49105764556232906
2023-09-03,2023-09,NEAR,6535,1.12577277,941671517.0,1000000000.0,,1060108154.3490542,2023-09-03T00:00:00.000Z,2023-09-03T00:00:00.000Z,https://coinmarketcap.com/historical/20230903/,,
2023-09-03,2023-09,DOT,6636,4.2616327,1219953372.5570858,1352212729.8622658,,5198993181.788716,2023-09-03T00:00:00.000Z,2023-09-03T00:00:00.000Z,https://coinmarketcap.com/historical/20230903/,,
2023-09-03,2023-09,SUI,20947,0.48384352,791777575.076923,10000000000.0,10000000000.0,383096446.5799177,2023-09-03T00:00:00.000Z,2023-09-03T00:00:00.000Z,https://coinmarketcap.com/historical/20230903/,10000000000.0,0.0791777575076923
2023-09-03,2023-09,APT,21794,5.46453947,228773694.01169446,1053338914.036424,,1250142881.7543166,2023-09-03T00:00:00.000Z,2023-09-03T00:00:00.000Z,https://coinmarketcap.com/historical/20230903/,,
2023-10-01,2023-10,BTC,1,27983.75038178,19501293.0,19501293.0,21000000.0,545719315434.0459,2023-10-01T00:00:00.000Z,2023-10-01T00:00:00.000Z,https://coinmarketcap.com/historical/20231001/,21000000.0,0.928633
2023-10-01,2023-10,ETH,1027,1733.81047844,120238637.31376177,120238637.31376177,,208471009287.77515,2023-10-01T00:00:00.000Z,2023-10-01T00:00:00.000Z,https://coinmarketcap.com/historical/20231001/,,
2023-10-01,2023-10,ADA,2010,0.26589525,35136146365.992,36213906237.638,45000000000.0,9342534384.336525,2023-10-01T00:00:00.000Z,2023-10-01T00:00:00.000Z,https://coinmarketcap.com/historical/20231001/,45000000000.0,0.7808032525776
2023-10-01,2023-10,ATOM,3794,7.56433911,367300148.0,367300148.0,,2778382876.2401457,2023-10-01T00:00:00.000Z,2023-10-01T00:00:00.000Z,https://coinmarketcap.com/historical/20231001/,,
2023-10-01,2023-10,SOL,5426,23.83648626,412985890.10237867,558808786.5191664,,9844132494.96014,2023-10-01T00:00:00.000Z,2023-10-01T00:00:00.000Z,https://coinmarketcap.com/historical/20231001/,,
2023-10-01,2023-10,AVAX,5805,9.73989797,354192723.9085462,431568903.9085462,720000000.0,3449800992.2985663,2023-10-01T00:00:00.000Z,2023-10-01T00:00:00.000Z,https://coinmarketcap.com/historical/20231001/,720000000.0,0.49193433876186976
2023-10-01,2023-10,NEAR,6535,1.16062065,975417563.0,1000000000.0,,1132089767.338134,2023-10-01T00:00:00.000Z,2023-10-01T00:00:00.000Z,https://coinmarketcap.com/historical/20231001/,,
2023-10-01,2023-10,DOT,6636,4.26100894,1229761307.941272,1362020665.2464519,,5240023925.505798,2023-10-01T00:00:00.000Z,2023-10-01T00:00:00.000Z,https://coinmarketcap.com/historical/20231001/,,
2023-10-01,2023-10,SUI,20947,0.50407071,860392959.6923076,10000000000.0,10000000000.0,433698891.4693189,2023-10-01T00:00:00.000Z,2023-10-01T00:00:00.000Z,https://coinmarketcap.com/historical/20231001/,10000000000.0,0.08603929596923075
2023-10-01,2023-10,APT,21794,5.66793305,237995239.57187012,1058016981.5932285,,1348941084.1176407,2023-10-01T00:00:00.000Z,2023-10-01T00:00:00.000Z,https://coinmarketcap.com/historical/20231001/,,
2023-11-05,2023-11,BTC,1,35049.35592402,19534387.0,19534387.0,21000000.0,684667682720.6202,2023-11-05T00:00:00.000Z,2023-11-05T00:00:00.000Z,https://coinmarketcap.com/historical/20231105/,21000000.0,0.9302089047619048
2023-11-05,2023-11,ETH,1027,1894.15768423,120268913.44931912,120268913.44931912,,227808286583.55524,2023-11-05T00:00:00.000Z,2023-11-05T00:00:00.000Z,https://coinmarketcap.com/historical/20231105/,,
2023-11-05,2023-11,ADA,2010,0.34286984,35256174031.587,36320189326.908,45000000000.0,12088278814.609343,2023-11-05T00:00:00.000Z,2023-11-05T00:00:00.000Z,https://coinmarketcap.com/historical/20231105/,45000000000.0,0.7834705340352667
2023-11-05,2023-11,ATOM,3794,8.37517106,373150235.0,373150235.0,,3125197047.565806,2023-11-05T00:00:00.000Z,2023-11-05T00:00:00.000Z,https://coinmarketcap.com/historical/20231105/,,
2023-11-05,2023-11,SOL,5426,41.23860153,420089622.348023,561772635.4219651,,17323908541.644287,2023-11-05T00:00:00.000Z,2023-11-05T00:00:00.000Z,https://coinmarketcap.com/historical/20231105/,,
2023-11-05,2023-11,AVAX,5805,12.36669381,355341863.59295076,432718043.59295076,720000000.0,4394404023.782949,2023-11-05T00:00:00.000Z,2023-11-05T00:00:00.000Z,https://coinmarketcap.com/historical/20231105/,720000000.0,0.4935303661013205
2023-11-05,2023-11,NEAR,6535,1.63685024,991439498.0,1000000000.0,,1622837975.7070467,2023-11-05T00:00:00.000Z,2023-11-05T00:00:00.000Z,https://coinmarketcap.com/historical/20231105/,,
2023-11-05,2023-11,DOT,6636,4.77322037,1249108195.112097,1374268875.2694488,,5962268675.943527,2023-11-05T00:00:00.000Z,2023-11-05T00:00:00.000Z,https://coinmarketcap.com/historical/20231105/,,
2023-11-05,2023-11,SUI,20947,0.50136477,965577711.3126922,10000000000.0,10000000000.0,484106645.8480646,2023-11-05T00:00:00.000Z,2023-11-05T00:00:00.000Z,https://coinmarketcap.com/historical/20231105/,10000000000.0,0.09655777113126922
2023-11-05,2023-11,APT,21794,6.89448588,248418264.16685742,1063896528.1901634,,1712716215.073106,2023-11-05T00:00:00.000Z,2023-11-05T00:00:00.000Z,https://coinmarketcap.com/historical/20231105/,,
2023-12-03,2023-12,BTC,1,39978.39181654,19560218.0,19560218.0,21000000.0,781986059221.0338,2023-12-03T00:00:00.000Z,2023-12-03T00:00:00.000Z,https://coinmarketcap.com/historical/20231203/,21000000.0,0.9314389523809524
2023-12-03,2023-12,ETH,1027,2193.69155453,120234245.26881394,120234245.26881394,,263756848411.60028,2023-12-03T00:00:00.000Z,2023-12-03T00:00:00.000Z,https://coinmarketcap.com/historical/20231203/,,
2023-12-03,2023-12,ADA,2010,0.39515497,35307959554.091,36410042820.425,45000000000.0,13952115774.408241,2023-12-03T00:00:00.000Z,2023-12-03T00:00:00.000Z,https://coinmarketcap.com/historical/20231203/,45000000000.0,0.7846213234242445
2023-12-03,2023-12,ATOM,3794,9.54377896,377593094.0,377593094.0,,3603665026.205289,2023-12-03T00:00:00.000Z,2023-12-03T00:00:00.000Z,https://coinmarketcap.com/historical/20231203/,,
2023-12-03,2023-12,SOL,5426,63.03996545,424333049.2247874,564017437.5137001,,26749940761.237553,2023-12-03T00:00:00.000Z,2023-12-03T00:00:00.000Z,https://coinmarketcap.com/historical/20231203/,,
2023-12-03,2023-12,AVAX,5805,21.96865812,365190413.17067856,433223323.17067856,720000000.0,8022743336.3178215,2023-12-03T00:00:00.000Z,2023-12-03T00:00:00.000Z,https://coinmarketcap.com/historical/20231203/,720000000.0,0.507208907181498
2023-12-03,2023-12,NEAR,6535,1.98313779,1003653961.0,1000000000.0,,1990384097.1084101,2023-12-03T00:00:00.000Z,2023-12-03T00:00:00.000Z,https://coinmarketcap.com/historical/20231203/,,
2023-12-03,2023-12,DOT,6636,5.54657485,1252114694.8116148,1384375196.5199664,,6944947871.333011,2023-12-03T00:00:00.000Z,2023-12-03T00:00:00.000Z,https://coinmarketcap.com/historical/20231203/,,
2023-12-03,2023-12,SUI,20947,0.61626747,1033262462.9330767,10000000000.0,10000000000.0,636766040.186104,2023-12-03T00:00:00.000Z,2023-12-03T00:00:00.000Z,https://coinmarketcap.com/historical/20231203/,10000000000.0,0.10332624629330768
2023-12-03,2023-12,APT,21794,7.3044295,277914877.25762063,1068550748.2694018,,2030009626.7334073,2023-12-03T00:00:00.000Z,2023-12-03T00:00:00.000Z,https://coinmarketcap.com/historical/20231203/,,
2024-01-07,2024-01,BTC,1,43943.09722897,19592425.0,19592425.0,21000000.0,860951836726.2927,2024-01-07T00:00:00.000Z,2024-01-07T00:00:00.000Z,https://coinmarketcap.com/historical/20240107/,21000000.0,0.9329726190476191
2024-01-07,2024-01,ETH,1027,2222.86588849,120185032.65021707,120185032.65021707,,267155209385.24936,2024-01-07T00:00:00.000Z,2024-01-07T00:00:00.000Z,https://coinmarketcap.com/historical/20240107/,,
2024-01-07,2024-01,ADA,2010,0.49417353,35376115338.616,36513698485.298,45000000000.0,17481939718.41892,2024-01-07T00:00:00.000Z,2024-01-07T00:00:00.000Z,https://coinmarketcap.com/historical/20240107/,45000000000.0,0.7861358964136889
2024-01-07,2024-01,ATOM,3794,9.40857865,381934425.0,381934425.0,,3593460078.614746,2024-01-07T00:00:00.000Z,2024-01-07T00:00:00.000Z,https://coinmarketcap.com/historical/20240107/,,
2024-01-07,2024-01,SOL,5426,89.276347,431799716.5673096,566553977.973171,,38549501330.28606,2024-01-07T00:00:00.000Z,2024-01-07T00:00:00.000Z,https://coinmarketcap.com/historical/20240107/,,
2024-01-07,2024-01,AVAX,5805,33.6296541,366581006.1056762,434613916.1056762,720000000.0,12327992435.219036,2024-01-07T00:00:00.000Z,2024-01-07T00:00:00.000Z,https://coinmarketcap.com/historical/20240107/,720000000.0,0.5091402862578835
2024-01-07,2024-01,NEAR,6535,3.20843805,1004666471.0,1000000000.0,,3223410136.7323704,2024-01-07T00:00:00.000Z,2024-01-07T00:00:00.000Z,https://coinmarketcap.com/historical/20240107/,,
2024-01-07,2024-01,DOT,6636,6.8958329,1265109581.8957765,1397370083.6041281,,8723984272.543194,2024-01-07T00:00:00.000Z,2024-01-07T00:00:00.000Z,https://coinmarketcap.com/historical/20240107/,,
2024-01-07,2024-01,SUI,20947,0.80012787,1100947214.5534613,10000000000.0,10000000000.0,880898549.8087476,2024-01-07T00:00:00.000Z,2024-01-07T00:00:00.000Z,https://coinmarketcap.com/historical/20240107/,10000000000.0,0.11009472145534613
2024-01-07,2024-01,APT,21794,8.46962715,308716931.2446945,1074510409.2427528,,2614717302.0702043,2024-01-07T00:00:00.000Z,2024-01-07T00:00:00.000Z,https://coinmarketcap.com/historical/20240107/,,
2024-02-04,2024-02,BTC,1,42583.58292013,19618400.0,19618400.0,21000000.0,835421763160.2668,2024-02-04T00:00:00.000Z,2024-02-04T00:00:00.000Z,https://coinmarketcap.com/historical/20240204/,21000000.0,0.9342095238095238
2024-02-04,2024-02,ETH,1027,2289.54612102,120182569.33807614,120182569.33807614,,275163535441.68604,2024-02-04T00:00:00.000Z,2024-02-04T00:00:00.000Z,https://coinmarketcap.com/historical/20240204/,,
2024-02-04,2024-02,ADA,2010,0.49425634,35432709192.994,36585743945.107,45000000000.0,17512841088.62986,2024-02-04T00:00:00.000Z,2024-02-04T00:00:00.000Z,https://coinmarketcap.com/historical/20240204/,45000000000.0,0.787393537622089
2024-02-04,2024-02,ATOM,3794,8.9621857,385170856.0,385170856.0,,3451972736.6260796,2024-02-04T00:00:00.000Z,2024-02-04T00:00:00.000Z,https://coinmarketcap.com/historical/20240204/,,
2024-02-04,2024-02,SOL,5426,95.47695967,436089524.51779866,568710842.7948686,,41636501944.2629,2024-02-04T00:00:00.000Z,2024-02-04T00:00:00.000Z,https://coinmarketcap.com/historical/20240204/,,
2024-02-04,2024-02,AVAX,5805,34.84499425,367160241.423645,435193151.423645,720000000.0,12793696501.349932,2024-02-04T00:00:00.000Z,2024-02-04T00:00:00.000Z,https://coinmarketcap.com/historical/20240204/,720000000.0,0.5099447797550625
2024-02-04,2024-02,NEAR,6535,2.75331526,1032271854.0,1175483776.0,,2842169844.6783257,2024-02-04T00:00:00.000Z,2024-02-04T00:00:00.000Z,https://coinmarketcap.com/historical/20240204/,,
2024-02-04,2024-02,DOT,6636,6.66722826,1275554590.08605,1407815091.7944016,,8504413611.737154,2024-02-04T00:00:00.000Z,2024-02-04T00:00:00.000Z,https://coinmarketcap.com/historical/20240204/,,
2024-02-04,2024-02,SUI,20947,1.46629633,1165931966.173846,10000000000.0,10000000000.0,1709601758.787502,2024-02-04T00:00:00.000Z,2024-02-04T00:00:00.000Z,https://coinmarketcap.com/historical/20240204/,10000000000.0,0.1165931966173846
2024-02-04,2024-02,APT,21794,8.82635049,338435568.1267592,1079386653.1121967,,2987150941.2117944,2024-02-04T00:00:00.000Z,2024-02-04T00:00:00.000Z,https://coinmarketcap.com/historical/20240204/,,
2024-03-03,2024-03,BTC,1,63167.37035753,19643950.0,19643950.0,21000000.0,1240856664934.8657,2024-03-03T00:00:00.000Z,2024-03-03T00:00:00.000Z,https://coinmarketcap.com/historical/20240303/,21000000.0,0.9354261904761905
2024-03-03,2024-03,ETH,1027,3490.99363651,120136205.43013623,120136205.43013623,,419394728670.7266,2024-03-03T00:00:00.000Z,2024-03-03T00:00:00.000Z,https://coinmarketcap.com/historical/20240303/,,
2024-03-03,2024-03,ADA,2010,0.72823765,35483514659.543,36671429496.447,45000000000.0,25840431494.916046,2024-03-03T00:00:00.000Z,2024-03-03T00:00:00.000Z,https://coinmarketcap.com/historical/20240303/,45000000000.0,0.7885225479898444
2024-03-03,2024-03,ATOM,3794,12.16829249,388871474.0,388871474.0,,4731901837.053045,2024-03-03T00:00:00.000Z,2024-03-03T00:00:00.000Z,https://coinmarketcap.com/historical/20240303/,,
2024-03-03,2024-03,SOL,5426,130.45086411,442945050.50429094,571044516.6200739,,57782564591.66687,2024-03-03T00:00:00.000Z,2024-03-03T00:00:00.000Z,https://coinmarketcap.com/historical/20240303/,,
2024-03-03,2024-03,AVAX,5805,42.6048577,377248820.18960154,435938460.18960154,720000000.0,16072632301.886961,2024-03-03T00:00:00.000Z,2024-03-03T00:00:00.000Z,https://coinmarketcap.com/historical/20240303/,720000000.0,0.52395669470778
2024-03-03,2024-03,NEAR,6535,4.44053834,1043761976.0,1178266083.0,,4634865069.785296,2024-03-03T00:00:00.000Z,2024-03-03T00:00:00.000Z,https://coinmarketcap.com/historical/20240303/,,
2024-03-03,2024-03,DOT,6636,9.79743999,1315721494.521455,1417787650.0821579,,12890702392.045576,2024-03-03T00:00:00.000Z,2024-03-03T00:00:00.000Z,https://coinmarketcap.com/historical/20240303/,,
2024-03-03,2024-03,SUI,20947,1.56030067,1230916717.7942307,10000000000.0,10000000000.0,1920600184.2295938,2024-03-03T00:00:00.000Z,2024-03-03T00:00:00.000Z,https://coinmarketcap.com/historical/20240303/,10000000000.0,0.12309167177942307
2024-03-03,2024-03,APT,21794,11.59730176,367957070.7624267,1084065762.7352433,,4267309183.041082,2024-03-03T00:00:00.000Z,2024-03-03T00:00:00.000Z,https://coinmarketcap.com/historical/20240303/,,
2024-04-07,2024-04,BTC,1,69362.5512776,19676262.0,19676262.0,21000000.0,1364795731926.5227,2024-04-07T00:00:00.000Z,2024-04-07T00:00:00.000Z,https://coinmarketcap.com/historical/20240407/,21000000.0,0.9369648571428572
2024-04-07,2024-04,ETH,1027,3453.49456944,120069586.45959164,120069586.45959164,,414659664792.92456,2024-04-07T00:00:00.000Z,2024-04-07T00:00:00.000Z,https://coinmarketcap.com/historical/20240407/,,
2024-04-07,2024-04,ADA,2010,0.58947368,35600844565.676,36771024607.588,45000000000.0,20985760903.892574,2024-04-07T00:00:00.000Z,2024-04-07T00:00:00.000Z,https://coinmarketcap.com/historical/20240407/,45000000000.0,0.7911298792372445
2024-04-07,2024-04,ATOM,3794,11.08511661,390930671.0,390930671.0,,4333512072.933676,2024-04-07T00:00:00.000Z,2024-04-07T00:00:00.000Z,https://coinmarketcap.com/historical/20240407/,,
2024-04-07,2024-04,SOL,5426,179.64985275,445579162.34424275,573506798.785492,,80048230904.47452,2024-04-07T00:00:00.000Z,2024-04-07T00:00:00.000Z,https://coinmarketcap.com/historical/20240407/,,
2024-04-07,2024-04,AVAX,5805,49.38721111,377888143.98280907,436577783.98280907,715748719.0,18662841542.720173,2024-04-07T00:00:00.000Z,2024-04-07T00:00:00.000Z,https://coinmarketcap.com/historical/20240407/,720000000.0,0.5248446444205681
2024-04-07,2024-04,NEAR,6535,6.9162578,1059699429.0,1184892892.0,,7329154441.040929,2024-04-07T00:00:00.000Z,2024-04-07T00:00:00.000Z,https://coinmarketcap.com/historical/20240407/,,
2024-04-07,2024-04,DOT,6636,8.70672616,1431084022.1251593,1431084022.1251593,,12460056689.439928,2024-04-07T00:00:00.000Z,2024-04-07T00:00:00.000Z,https://coinmarketcap.com/historical/20240407/,,
2024-04-07,2024-04,SUI,20947,1.64126613,1295901469.4146154,10000000000.0,10000000000.0,2126919189.0487254,2024-04-07T00:00:00.000Z,2024-04-07T00:00:00.000Z,https://coinmarketcap.com/historical/20240407/,10000000000.0,0.12959014694146154
2024-04-07,2024-04,APT,21794,13.62907691,398480028.9746105,1089746327.9348063,,5430914962.781976,2024-04-07T00:00:00.000Z,2024-04-07T00:00:00.000Z,https://coinmarketcap.com/historical/20240407/,,
2024-05-05,2024-05,BTC,1,64031.13280857,19694521.0,19694521.0,21000000.0,1261062489752.161,2024-05-05T00:00:00.000Z,2024-05-05T00:00:00.000Z,https://coinmarketcap.com/historical/20240505/,21000000.0,0.9378343333333333
2024-05-05,2024-05,ETH,1027,3137.24891848,120097745.02430749,120097745.02430749,,376776520689.194,2024-05-05T00:00:00.000Z,2024-05-05T00:00:00.000Z,https://coinmarketcap.com/historical/20240505/,,
2024-05-05,2024-05,ADA,2010,0.45833442,35652373342.806,36855324087.164,45000000000.0,16340709993.249426,2024-05-05T00:00:00.000Z,2024-05-05T00:00:00.000Z,https://coinmarketcap.com/historical/20240505/,45000000000.0,0.7922749631734667
2024-05-05,2024-05,ATOM,3794,9.33621634,390930671.0,390930671.0,,3649813319.00793,2024-05-05T00:00:00.000Z,2024-05-05T00:00:00.000Z,https://coinmarketcap.com/historical/20240505/,,
2024-05-05,2024-05,SOL,5426,145.71302813,447440120.3073781,575391768.2260032,,65197854835.50929,2024-05-05T00:00:00.000Z,2024-05-05T00:00:00.000Z,https://coinmarketcap.com/historical/20240505/,,
2024-05-05,2024-05,AVAX,5805,37.40194135,380337388.92691416,439027028.92691416,715748719.0,14225356714.57273,2024-05-05T00:00:00.000Z,2024-05-05T00:00:00.000Z,https://coinmarketcap.com/historical/20240505/,720000000.0,0.528246373509603
2024-05-05,2024-05,NEAR,6535,7.49790299,1068781256.0,1189277795.0,,8013618177.699403,2024-05-05T00:00:00.000Z,2024-05-05T00:00:00.000Z,https://coinmarketcap.com/historical/20240505/,,
2024-05-05,2024-05,DOT,6636,7.30678376,1437953431.368154,1437953431.368154,,10506814777.770649,2024-05-05T00:00:00.000Z,2024-05-05T00:00:00.000Z,https://coinmarketcap.com/historical/20240505/,,
2024-05-05,2024-05,SUI,20947,1.09517691,2339196965.7338886,10000000000.0,10000000000.0,2561834497.2885327,2024-05-05T00:00:00.000Z,2024-05-05T00:00:00.000Z,https://coinmarketcap.com/historical/20240505/,10000000000.0,0.23391969657338887
2024-05-05,2024-05,APT,21794,9.24802989,428025104.7807978,1094449010.7283728,,3958388962.2779202,2024-05-05T00:00:00.000Z,2024-05-05T00:00:00.000Z,https://coinmarketcap.com/historical/20240505/,,
2024-06-02,2024-06,BTC,1,67751.60257546,19707028.0,19707028.0,21000000.0,1335182728999.4976,2024-06-02T00:00:00.000Z,2024-06-02T00:00:00.000Z,https://coinmarketcap.com/historical/20240602/,21000000.0,0.9384299047619048
2024-06-02,2024-06,ETH,1027,3780.89588834,120143951.28703062,120143951.28703062,,454251771430.2506,2024-06-02T00:00:00.000Z,2024-06-02T00:00:00.000Z,https://coinmarketcap.com/historical/20240602/,,
2024-06-02,2024-06,ADA,2010,0.44649408,35705255565.879,36925434173.444,45000000000.0,15942185276.420452,2024-06-02T00:00:00.000Z,2024-06-02T00:00:00.000Z,https://coinmarketcap.com/historical/20240602/,45000000000.0,0.7934501236861999
2024-06-02,2024-06,ATOM,3794,8.28901636,390930671.0,390930671.0,,3240430728.783331,2024-06-02T00:00:00.000Z,2024-06-02T00:00:00.000Z,https://coinmarketcap.com/historical/20240602/,,
2024-06-02,2024-06,SOL,5426,163.24990765,459689021.63090754,577250327.2713509,,75044190328.87128,2024-06-02T00:00:00.000Z,2024-06-02T00:00:00.000Z,https://coinmarketcap.com/historical/20240602/,,
2024-06-02,2024-06,AVAX,5805,34.93249046,393141819.3680147,442488189.3680147,715748719.0,13733422855.504421,2024-06-02T00:00:00.000Z,2024-06-02T00:00:00.000Z,https://coinmarketcap.com/historical/20240602/,720000000.0,0.5460303046777982
2024-06-02,2024-06,NEAR,6535,7.194226,1081640339.0,1193709343.0,,7781565045.268855,2024-06-02T00:00:00.000Z,2024-06-02T00:00:00.000Z,https://coinmarketcap.com/historical/20240602/,,
2024-06-02,2024-06,DOT,6636,6.9890396,1437953431.368154,1437953431.368154,,10049913470.612478,2024-06-02T00:00:00.000Z,2024-06-02T00:00:00.000Z,https://coinmarketcap.com/historical/20240602/,,
2024-06-02,2024-06,SUI,20947,1.01628189,2426143880.7088885,10000000000.0,10000000000.0,2465646087.602494,2024-06-02T00:00:00.000Z,2024-06-02T00:00:00.000Z,https://coinmarketcap.com/historical/20240602/,10000000000.0,0.24261438807088886
2024-06-02,2024-06,APT,21794,8.92554622,437065665.40568244,1098946093.4343686,,3901049797.1266646,2024-06-02T00:00:00.000Z,2024-06-02T00:00:00.000Z,https://coinmarketcap.com/historical/20240602/,,
2024-07-07,2024-07,BTC,1,55849.11063861,19719634.0,19719634.0,21000000.0,1101324021018.8833,2024-07-07T00:00:00.000Z,2024-07-07T00:00:00.000Z,https://coinmarketcap.com/historical/20240707/,21000000.0,0.9390301904761905
2024-07-07,2024-07,ETH,1027,2929.38723167,120200756.8851741,120200756.8851741,,352114562456.6746,2024-07-07T00:00:00.000Z,2024-07-07T00:00:00.000Z,https://coinmarketcap.com/historical/20240707/,,
2024-07-07,2024-07,ADA,2010,0.34661834,35770002759.011,37021269743.925,45000000000.0,12398538838.352262,2024-07-07T00:00:00.000Z,2024-07-07T00:00:00.000Z,https://coinmarketcap.com/historical/20240707/,45000000000.0,0.7948889502002445
2024-07-07,2024-07,ATOM,3794,5.7896256,390930671.0,390930671.0,,2263342222.5244036,2024-07-07T00:00:00.000Z,2024-07-07T00:00:00.000Z,https://coinmarketcap.com/historical/20240707/,,
2024-07-07,2024-07,SOL,5426,131.77409772,463544529.8625688,579683945.216447,,61083162174.13038,2024-07-07T00:00:00.000Z,2024-07-07T00:00:00.000Z,https://coinmarketcap.com/historical/20240707/,,
2024-07-07,2024-07,AVAX,5805,25.70513034,394285377.3679475,443631747.3679475,715748719.0,10135157017.283312,2024-07-07T00:00:00.000Z,2024-07-07T00:00:00.000Z,https://coinmarketcap.com/historical/20240707/,720000000.0,0.5476185796777049
2024-07-07,2024-07,NEAR,6535,4.39931741,1095553652.0,1199253351.0,,4819688257.145112,2024-07-07T00:00:00.000Z,2024-07-07T00:00:00.000Z,https://coinmarketcap.com/historical/20240707/,,
2024-07-07,2024-07,DOT,6636,5.90626262,1437953431.368154,1437953431.368154,,8492930594.885851,2024-07-07T00:00:00.000Z,2024-07-07T00:00:00.000Z,https://coinmarketcap.com/historical/20240707/,,
2024-07-07,2024-07,SUI,20947,0.63974729,2512208503.6838884,10000000000.0,10000000000.0,1607178579.0224931,2024-07-07T00:00:00.000Z,2024-07-07T00:00:00.000Z,https://coinmarketcap.com/historical/20240707/,10000000000.0,0.25122085036838887
2024-07-07,2024-07,APT,21794,5.58034048,454091642.27185357,1104662287.2184577,,2533985971.5040364,2024-07-07T00:00:00.000Z,2024-07-07T00:00:00.000Z,https://coinmarketcap.com/historical/20240707/,,
2024-08-04,2024-08,BTC,1,58116.97696104,19735656.0,19735656.0,21000000.0,1146976665063.0166,2024-08-04T00:00:00.000Z,2024-08-04T00:00:00.000Z,https://coinmarketcap.com/historical/20240804/,21000000.0,0.9397931428571429
2024-08-04,2024-08,ETH,1027,2686.39886105,120257536.97201124,120257536.97201124,,323059710353.7112,2024-08-04T00:00:00.000Z,2024-08-04T00:00:00.000Z,https://coinmarketcap.com/historical/20240804/,,
2024-08-04,2024-08,ADA,2010,0.34393754,35916861689.173,37102998493.685,45000000000.0,12353157088.353434,2024-08-04T00:00:00.000Z,2024-08-04T00:00:00.000Z,https://coinmarketcap.com/historical/20240804/,45000000000.0,0.7981524819816221
2024-08-04,2024-08,ATOM,3794,5.03957683,390930671.0,390930671.0,,1970125151.1602762,2024-08-04T00:00:00.000Z,2024-08-04T00:00:00.000Z,https://coinmarketcap.com/historical/20240804/,,
2024-08-04,2024-08,SOL,5426,138.05508354,465474827.59110886,581494645.6668028,,64261166209.76493,2024-08-04T00:00:00.000Z,2024-08-04T00:00:00.000Z,https://coinmarketcap.com/historical/20240804/,,
2024-08-04,2024-08,AVAX,5805,21.22766896,395057095.3590244,444403465.3590244,715748719.0,8386141239.339889,2024-08-04T00:00:00.000Z,2024-08-04T00:00:00.000Z,https://coinmarketcap.com/historical/20240804/,720000000.0,0.5486904102208672
2024-08-04,2024-08,NEAR,6535,4.13293604,1108525860.0,1203764820.0,,4581466483.377776,2024-08-04T00:00:00.000Z,2024-08-04T00:00:00.000Z,https://coinmarketcap.com/historical/20240804/,,
2024-08-04,2024-08,DOT,6636,4.68384202,1477160029.0415864,1477160029.0415864,,6918784220.927225,2024-08-04T00:00:00.000Z,2024-08-04T00:00:00.000Z,https://coinmarketcap.com/historical/20240804/,,
2024-08-04,2024-08,SUI,20947,0.57637712,2596086126.6588883,10000000000.0,10000000000.0,1496324655.561671,2024-08-04T00:00:00.000Z,2024-08-04T00:00:00.000Z,https://coinmarketcap.com/historical/20240804/,10000000000.0,0.25960861266588886
2024-08-04,2024-08,APT,21794,5.33306986,470071172.7140397,1109332034.6578155,,2506922401.4685473,2024-08-04T00:00:00.000Z,2024-08-04T00:00:00.000Z,https://coinmarketcap.com/historical/20240804/,,
2024-09-01,2024-09,BTC,1,57325.48768919,19748246.0,19748246.0,21000000.0,1132077832956.1082,2024-09-01T00:00:00.000Z,2024-09-01T00:00:00.000Z,https://coinmarketcap.com/historical/20240901/,21000000.0,0.9403926666666667
2024-09-01,2024-09,ETH,1027,2427.90228066,120305767.32756001,120305767.32756001,,292090646870.83514,2024-09-01T00:00:00.000Z,2024-09-01T00:00:00.000Z,https://coinmarketcap.com/historical/20240901/,,
2024-09-01,2024-09,ADA,2010,0.33173951,35960643044.11,37170426657.961,45000000000.0,11929566160.469425,2024-09-01T00:00:00.000Z,2024-09-01T00:00:00.000Z,https://coinmarketcap.com/historical/20240901/,45000000000.0,0.7991254009802222
2024-09-01,2024-09,ATOM,3794,4.3060139,390934204.0,390934204.0,,1683368116.9513724,2024-09-01T00:00:00.000Z,2024-09-01T00:00:00.000Z,https://coinmarketcap.com/historical/20240901/,,
2024-09-01,2024-09,SOL,5426,128.69055445,466584256.346924,583510395.5178583,,60044986646.11422,2024-09-01T00:00:00.000Z,2024-09-01T00:00:00.000Z,https://coinmarketcap.com/historical/20240901/,,
2024-09-01,2024-09,AVAX,5805,21.44817282,404947220.107635,444950320.107635,715748719.0,8685377958.759,2024-09-01T00:00:00.000Z,2024-09-01T00:00:00.000Z,https://coinmarketcap.com/historical/20240901/,720000000.0,0.5624266945939376
2024-09-01,2024-09,NEAR,6535,3.85161877,1121053042.0,1208249700.0,,4317868937.417405,2024-09-01T00:00:00.000Z,2024-09-01T00:00:00.000Z,https://coinmarketcap.com/historical/20240901/,,
2024-09-01,2024-09,DOT,6636,4.07362833,1488350076.628788,1488350076.628788,,6062985030.430124,2024-09-01T00:00:00.000Z,2024-09-01T00:00:00.000Z,https://coinmarketcap.com/historical/20240901/,,
2024-09-01,2024-09,SUI,20947,0.76252772,2679963749.6338882,10000000000.0,10000000000.0,2043546644.3685937,2024-09-01T00:00:00.000Z,2024-09-01T00:00:00.000Z,https://coinmarketcap.com/historical/20240901/,10000000000.0,0.26799637496338885
2024-09-01,2024-09,APT,21794,6.17698501,485907003.91457105,1113858082.8554223,,3001440281.168032,2024-09-01T00:00:00.000Z,2024-09-01T00:00:00.000Z,https://coinmarketcap.com/historical/20240901/,,
2024-10-06,2024-10,BTC,1,62818.95447614,19764062.0,19764062.0,21000000.0,1241557711041.557,2024-10-06T00:00:00.000Z,2024-10-06T00:00:00.000Z,https://coinmarketcap.com/historical/20241006/,21000000.0,0.9411458095238096
2024-10-06,2024-10,ETH,1027,2439.95780146,120377344.45751098,120377344.45751098,,293715640727.54645,2024-10-06T00:00:00.000Z,2024-10-06T00:00:00.000Z,https://coinmarketcap.com/historical/20241006/,,
2024-10-06,2024-10,ADA,2010,0.35723016,34961093448.080666,44995152754.38966,45000000000.0,12489157157.51627,2024-10-06T00:00:00.000Z,2024-10-06T00:00:00.000Z,https://coinmarketcap.com/historical/20241006/,45000000000.0,0.7769131877351259
2024-10-06,2024-10,ATOM,3794,4.64447711,390934204.0,390934204.0,,1815684962.845386,2024-10-06T00:00:00.000Z,2024-10-06T00:00:00.000Z,https://coinmarketcap.com/historical/20241006/,,
2024-10-06,2024-10,SOL,5426,146.44237021,468586251.5885417,585973794.0901347,,68620881328.64336,2024-10-06T00:00:00.000Z,2024-10-06T00:00:00.000Z,https://coinmarketcap.com/historical/20241006/,,
2024-10-06,2024-10,AVAX,5805,26.92857231,406451931.89134,446455031.89134,715748719.0,10945170239.79971,2024-10-06T00:00:00.000Z,2024-10-06T00:00:00.000Z,https://coinmarketcap.com/historical/20241006/,720000000.0,0.5645165720713056
2024-10-06,2024-10,NEAR,6535,4.9518031,1213240369.0,1213887456.0,,6007727421.7962265,2024-10-06T00:00:00.000Z,2024-10-06T00:00:00.000Z,https://coinmarketcap.com/historical/20241006/,,
2024-10-06,2024-10,DOT,6636,4.18856109,1502383957.3152685,1502383957.3152685,,6292826982.503522,2024-10-06T00:00:00.000Z,2024-10-06T00:00:00.000Z,https://coinmarketcap.com/historical/20241006/,,
2024-10-06,2024-10,SUI,20947,1.84149536,2763841372.608888,10000000000.0,10000000000.0,5089601066.719727,2024-10-06T00:00:00.000Z,2024-10-06T00:00:00.000Z,https://coinmarketcap.com/historical/20241006/,10000000000.0,0.27638413726088884
2024-10-06,2024-10,APT,21794,8.70277247,502927645.84898996,1119568941.7886589,,4376864871.690174,2024-10-06T00:00:00.000Z,2024-10-06T00:00:00.000Z,https://coinmarketcap.com/historical/20241006/,,
2024-11-03,2024-11,BTC,1,68741.11549197,19777353.0,19777353.0,21000000.0,1359517306698.5288,2024-11-03T00:00:00.000Z,2024-11-03T00:00:00.000Z,https://coinmarketcap.com/historical/20241103/,21000000.0,0.9417787142857142
2024-11-03,2024-11,ETH,1027,2456.42517256,120415093.84716792,120415093.84716792,,295790667682.7717,2024-11-03T00:00:00.000Z,2024-11-03T00:00:00.000Z,https://coinmarketcap.com/historical/20241103/,,
2024-11-03,2024-11,ADA,2010,0.33428469,34995041871.64477,44995106472.67438,45000000000.0,11698306781.572206,2024-11-03T00:00:00.000Z,2024-11-03T00:00:00.000Z,https://coinmarketcap.com/historical/20241103/,45000000000.0,0.7776675971476615
2024-11-03,2024-11,ATOM,3794,3.97960127,390934204.0,390934204.0,,1555762253.5514305,2024-11-03T00:00:00.000Z,2024-11-03T00:00:00.000Z,https://coinmarketcap.com/historical/20241103/,,
2024-11-03,2024-11,SOL,5426,162.55129734,470813561.38367707,587661657.5719333,,76531355206.29132,2024-11-03T00:00:00.000Z,2024-11-03T00:00:00.000Z,https://coinmarketcap.com/historical/20241103/,,
2024-11-03,2024-11,AVAX,5805,23.53824998,407139319.2397415,447142419.2397415,715748719.0,9583347072.092226,2024-11-03T00:00:00.000Z,2024-11-03T00:00:00.000Z,https://coinmarketcap.com/historical/20241103/,720000000.0,0.5654712767218631
2024-11-03,2024-11,NEAR,6535,3.69086729,1217906155.0,1218457922.0,,4495129983.938367,2024-11-03T00:00:00.000Z,2024-11-03T00:00:00.000Z,https://coinmarketcap.com/historical/20241103/,,
2024-11-03,2024-11,DOT,6636,3.78858889,1513771725.6253505,1513771725.6253505,,5735058739.997265,2024-11-03T00:00:00.000Z,2024-11-03T00:00:00.000Z,https://coinmarketcap.com/historical/20241103/,,
2024-11-03,2024-11,SUI,20947,1.94976272,2845750695.583888,10000000000.0,10000000000.0,5548538607.243764,2024-11-03T00:00:00.000Z,2024-11-03T00:00:00.000Z,https://coinmarketcap.com/historical/20241103/,10000000000.0,0.2845750695583888
2024-11-03,2024-11,APT,21794,8.19884815,518834717.2605114,1124166230.1964886,,4253847063.3897843,2024-11-03T00:00:00.000Z,2024-11-03T00:00:00.000Z,https://coinmarketcap.com/historical/20241103/,,
2024-12-01,2024-12,BTC,1,97279.79292236,19790125.0,19790125.0,21000000.0,1925179261907.5369,2024-12-01T00:00:00.000Z,2024-12-01T00:00:00.000Z,https://coinmarketcap.com/historical/20241201/,21000000.0,0.9423869047619048
2024-12-01,2024-12,ETH,1027,3711.16509555,120442285.78545202,120442285.78545202,,446981207035.34546,2024-12-01T00:00:00.000Z,2024-12-01T00:00:00.000Z,https://coinmarketcap.com/historical/20241201/,,
2024-12-01,2024-12,ADA,2010,1.15525187,35085884197.24636,44994868463.33723,45000000000.0,40533033272.34751,2024-12-01T00:00:00.000Z,2024-12-01T00:00:00.000Z,https://coinmarketcap.com/historical/20241201/,45000000000.0,0.7796863154943636
2024-12-01,2024-12,ATOM,3794,8.91891838,390934204.0,390934204.0,,3486710258.9100933,2024-12-01T00:00:00.000Z,2024-12-01T00:00:00.000Z,https://coinmarketcap.com/historical/20241201/,,
2024-12-01,2024-12,SOL,5426,237.06992473,475155261.40458834,589282426.7385873,,112645022056.85208,2024-12-01T00:00:00.000Z,2024-12-01T00:00:00.000Z,https://coinmarketcap.com/historical/20241201/,,
2024-12-01,2024-12,AVAX,5805,45.0918238,409291663.88055456,447627963.88055456,715748719.0,18455707589.913074,2024-12-01T00:00:00.000Z,2024-12-01T00:00:00.000Z,https://coinmarketcap.com/historical/20241201/,720000000.0,0.568460644278548
2024-12-01,2024-12,NEAR,6535,6.91849431,1217906155.0,1223018419.0,,8426076800.603301,2024-12-01T00:00:00.000Z,2024-12-01T00:00:00.000Z,https://coinmarketcap.com/historical/20241201/,,
2024-12-01,2024-12,DOT,6636,9.3077551,1524547794.082693,1524547794.082693,,14190117507.49466,2024-12-01T00:00:00.000Z,2024-12-01T00:00:00.000Z,https://coinmarketcap.com/historical/20241201/,,
2024-12-01,2024-12,SUI,20947,3.47201414,2927660018.558888,10000000000.0,10000000000.0,10164876988.614214,2024-12-01T00:00:00.000Z,2024-12-01T00:00:00.000Z,https://coinmarketcap.com/historical/20241201/,10000000000.0,0.2927660018558888
2024-12-01,2024-12,APT,21794,13.43607312,534739458.3256557,1128761188.2585452,,7184798460.379869,2024-12-01T00:00:00.000Z,2024-12-01T00:00:00.000Z,https://coinmarketcap.com/historical/20241201/,,
2025-01-05,2025-01,BTC,1,98314.95944364,19806271.0,19806271.0,21000000.0,1947252730094.6882,2025-01-05T00:00:00.000Z,2025-01-05T00:00:00.000Z,https://coinmarketcap.com/historical/20250105/,21000000.0,0.9431557619047619
2025-01-05,2025-01,ETH,1027,3634.10366303,120474080.1731639,120474080.1731639,,437815296057.8424,2025-01-05T00:00:00.000Z,2025-01-05T00:00:00.000Z,https://coinmarketcap.com/historical/20250105/,,
2025-01-05,2025-01,ADA,2010,1.09346678,35151153812.59065,44995119469.23575,45000000000.0,38436618849.44085,2025-01-05T00:00:00.000Z,2025-01-05T00:00:00.000Z,https://coinmarketcap.com/historical/20250105/,45000000000.0,0.7811367513909034
2025-01-05,2025-01,ATOM,3794,7.34375378,390934204.0,390934204.0,,2870924540.0017247,2025-01-05T00:00:00.000Z,2025-01-05T00:00:00.000Z,https://coinmarketcap.com/historical/20250105/,,
2025-01-05,2025-01,SOL,5426,213.3936292,482998741.84592783,591610879.4866507,,103068854420.12567,2025-01-05T00:00:00.000Z,2025-01-05T00:00:00.000Z,https://coinmarketcap.com/historical/20250105/,,
2025-01-05,2025-01,AVAX,5805,43.07923455,410205396.0241915,448541696.0241915,715748719.0,17671334468.4254,2025-01-05T00:00:00.000Z,2025-01-05T00:00:00.000Z,https://coinmarketcap.com/historical/20250105/,720000000.0,0.569729716700266
2025-01-05,2025-01,NEAR,6535,5.90398598,1168549015.0,1228767668.0,,6899097001.770658,2025-01-05T00:00:00.000Z,2025-01-05T00:00:00.000Z,https://coinmarketcap.com/historical/20250105/,,
2025-01-05,2025-01,DOT,6636,7.67911483,1535937767.897647,1535937767.897647,,11794642489.854214,2025-01-05T00:00:00.000Z,2025-01-05T00:00:00.000Z,https://coinmarketcap.com/historical/20250105/,,
2025-01-05,2025-01,SUI,20947,5.23969873,3009569341.533888,10000000000.0,10000000000.0,15769236666.250328,2025-01-05T00:00:00.000Z,2025-01-05T00:00:00.000Z,https://coinmarketcap.com/historical/20250105/,10000000000.0,0.3009569341533888
2025-01-05,2025-01,APT,21794,10.08965101,558580448.7819299,1134526090.7067559,,5635881789.583631,2025-01-05T00:00:00.000Z,2025-01-05T00:00:00.000Z,https://coinmarketcap.com/historical/20250105/,,
2025-02-02,2025-02,BTC,1,97688.97930489,19818878.0,19818878.0,21000000.0,1936085962788.1182,2025-02-02T00:00:00.000Z,2025-02-02T00:00:00.000Z,https://coinmarketcap.com/historical/20250202/,21000000.0,0.9437560952380952
2025-02-02,2025-02,ETH,1027,2868.69286842,120523086.80423748,120523086.80423748,,345743719595.80493,2025-02-02T00:00:00.000Z,2025-02-02T00:00:00.000Z,https://coinmarketcap.com/historical/20250202/,,
2025-02-02,2025-02,ADA,2010,0.80174022,35185844017.05827,44995198033.24976,45000000000.0,28209906464.600445,2025-02-02T00:00:00.000Z,2025-02-02T00:00:00.000Z,https://coinmarketcap.com/historical/20250202/,45000000000.0,0.7819076448235172
2025-02-02,2025-02,ATOM,3794,4.86688063,390934204.0,390934204.0,,1902630104.5268354,2025-02-02T00:00:00.000Z,2025-02-02T00:00:00.000Z,https://coinmarketcap.com/historical/20250202/,,
2025-02-02,2025-02,SOL,5426,203.11963199,486975022.2775516,593262061.0266758,,98914187313.10587,2025-02-02T00:00:00.000Z,2025-02-02T00:00:00.000Z,https://coinmarketcap.com/historical/20250202/,,
2025-02-02,2025-02,AVAX,5805,27.57631594,411708081.9928208,450044381.9928208,715748719.0,11353392145.84145,2025-02-02T00:00:00.000Z,2025-02-02T00:00:00.000Z,https://coinmarketcap.com/historical/20250202/,720000000.0,0.5718167805455845
2025-02-02,2025-02,NEAR,6535,3.75258544,1177563496.0,1233413375.0,,4418907625.412006,2025-02-02T00:00:00.000Z,2025-02-02T00:00:00.000Z,https://coinmarketcap.com/historical/20250202/,,
2025-02-02,2025-02,DOT,6636,5.14826226,1544881457.8184686,1544881457.8184686,,7953454910.425819,2025-02-02T00:00:00.000Z,2025-02-02T00:00:00.000Z,https://coinmarketcap.com/historical/20250202/,,
2025-02-02,2025-02,SUI,20947,3.30236595,3089707194.508888,10000000000.0,10000000000.0,10203343828.476877,2025-02-02T00:00:00.000Z,2025-02-02T00:00:00.000Z,https://coinmarketcap.com/historical/20250202/,10000000000.0,0.3089707194508888
2025-02-02,2025-02,APT,21794,6.13584327,573798484.576481,1138434343.5048244,,3520737572.1512227,2025-02-02T00:00:00.000Z,2025-02-02T00:00:00.000Z,https://coinmarketcap.com/historical/20250202/,,
2025-03-02,2025-03,BTC,1,94248.35052517,19831393.0,19831393.0,21000000.0,1869076078866.351,2025-03-02T00:00:00.000Z,2025-03-02T00:00:00.000Z,https://coinmarketcap.com/historical/20250302/,21000000.0,0.9443520476190477
2025-03-02,2025-03,ETH,1027,2519.69447272,120585638.00637788,120585638.00637788,,303838965574.298,2025-03-02T00:00:00.000Z,2025-03-02T00:00:00.000Z,https://coinmarketcap.com/historical/20250302/,,
2025-03-02,2025-03,ADA,2010,1.12950307,35212423444.401985,44994943014.63995,45000000000.0,39772540539.238846,2025-03-02T00:00:00.000Z,2025-03-02T00:00:00.000Z,https://coinmarketcap.com/historical/20250302/,45000000000.0,0.7824982987644885
2025-03-02,2025-03,ATOM,3794,4.90564704,390934204.0,390934204.0,,1917785218.866061,2025-03-02T00:00:00.000Z,2025-03-02T00:00:00.000Z,https://coinmarketcap.com/historical/20250302/,,
2025-03-02,2025-03,SOL,5426,178.49549645,507597777.8910922,595286177.1885946,,90603917359.53107,2025-03-02T00:00:00.000Z,2025-03-02T00:00:00.000Z,https://coinmarketcap.com/historical/20250302/,,
2025-03-02,2025-03,AVAX,5805,24.94097399,414096391.42356926,450765891.42356926,715748719.0,10327967325.983435,2025-03-02T00:00:00.000Z,2025-03-02T00:00:00.000Z,https://coinmarketcap.com/historical/20250302/,720000000.0,0.5751338769771795
2025-03-02,2025-03,NEAR,6535,3.54991878,1188217163.0,1238059951.0,,4218074416.2864885,2025-03-02T00:00:00.000Z,2025-03-02T00:00:00.000Z,https://coinmarketcap.com/historical/20250302/,,
2025-03-02,2025-03,DOT,6636,5.1966817,1553919008.7157116,1553919008.7157116,,8075222476.189889,2025-03-02T00:00:00.000Z,2025-03-02T00:00:00.000Z,https://coinmarketcap.com/historical/20250302/,,
2025-03-02,2025-03,SUI,20947,3.19825192,3169845047.4838877,10000000000.0,10000000000.0,10137962995.231524,2025-03-02T00:00:00.000Z,2025-03-02T00:00:00.000Z,https://coinmarketcap.com/historical/20250302/,10000000000.0,0.31698450474838874
2025-03-02,2025-03,APT,21794,6.74687277,589337415.5233592,1142663491.4438293,,3976184560.566069,2025-03-02T00:00:00.000Z,2025-03-02T00:00:00.000Z,https://coinmarketcap.com/historical/20250302/,,
2025-04-06,2025-04,BTC,1,78214.4808171,19847728.0,19847728.0,21000000.0,1552379740919.0999,2025-04-06T00:00:00.000Z,2025-04-06T00:00:00.000Z,https://coinmarketcap.com/historical/20250406/,21000000.0,0.9451299047619047
2025-04-06,2025-04,ETH,1027,1576.72808825,120672033.70836645,120672033.70836645,,190266985013.64157,2025-04-06T00:00:00.000Z,2025-04-06T00:00:00.000Z,https://coinmarketcap.com/historical/20250406/,,
2025-04-06,2025-04,ADA,2010,0.57279255,35274323538.58242,44994929479.55403,45000000000.0,20204869631.140144,2025-04-06T00:00:00.000Z,2025-04-06T00:00:00.000Z,https://coinmarketcap.com/historical/20250406/,45000000000.0,0.7838738564129427
2025-04-06,2025-04,ATOM,3794,4.43873994,390934204.0,390934204.0,,1735255266.3160448,2025-04-06T00:00:00.000Z,2025-04-06T00:00:00.000Z,https://coinmarketcap.com/historical/20250406/,,
2025-04-06,2025-04,SOL,5426,105.71201588,515475817.8464375,597985211.3187379,,54491987839.40286,2025-04-06T00:00:00.000Z,2025-04-06T00:00:00.000Z,https://coinmarketcap.com/historical/20250406/,,
2025-04-06,2025-04,AVAX,5805,15.99471561,415282432.82195395,451951932.82195395,715748719.0,6642324411.533309,2025-04-06T00:00:00.000Z,2025-04-06T00:00:00.000Z,https://coinmarketcap.com/historical/20250406/,720000000.0,0.5767811566971582
2025-04-06,2025-04,NEAR,6535,2.15760196,1199958533.0,1243826556.0,,2589032881.6983476,2025-04-06T00:00:00.000Z,2025-04-06T00:00:00.000Z,https://coinmarketcap.com/historical/20250406/,,
2025-04-06,2025-04,DOT,6636,3.67701949,1565294603.3962798,1565294603.3962798,,5755618763.468073,2025-04-06T00:00:00.000Z,2025-04-06T00:00:00.000Z,https://coinmarketcap.com/historical/20250406/,,
2025-04-06,2025-04,SUI,20947,1.91696035,3249982900.4588876,10000000000.0,10000000000.0,6230088364.312517,2025-04-06T00:00:00.000Z,2025-04-06T00:00:00.000Z,https://coinmarketcap.com/historical/20250406/,10000000000.0,0.32499829004588876
2025-04-06,2025-04,APT,21794,4.34145689,604761296.0046927,1146777816.8049695,,2625545093.0640564,2025-04-06T00:00:00.000Z,2025-04-06T00:00:00.000Z,https://coinmarketcap.com/historical/20250406/,,
2025-05-04,2025-05,BTC,1,94315.97488905,19860753.0,19860753.0,21000000.0,1873186281225.6028,2025-05-04T00:00:00.000Z,2025-05-04T00:00:00.000Z,https://coinmarketcap.com/historical/20250504/,21000000.0,0.9457501428571429
2025-05-04,2025-05,ETH,1027,1808.59427986,120732501.52217011,120732501.52217011,,218356111645.71167,2025-05-04T00:00:00.000Z,2025-05-04T00:00:00.000Z,https://coinmarketcap.com/historical/20250504/,,
2025-05-04,2025-05,ADA,2010,0.67669171,35308636904.3949,44995005388.93552,45000000000.0,23893061851.00812,2025-05-04T00:00:00.000Z,2025-05-04T00:00:00.000Z,https://coinmarketcap.com/historical/20250504/,45000000000.0,0.78463637565322
2025-05-04,2025-05,ATOM,3794,4.09519422,390934204.0,390934204.0,,1600951494.3752668,2025-05-04T00:00:00.000Z,2025-05-04T00:00:00.000Z,https://coinmarketcap.com/historical/20250504/,,
2025-05-04,2025-05,SOL,5426,143.98305604,518188729.88013947,600060768.7609236,,74610396931.67163,2025-05-04T00:00:00.000Z,2025-05-04T00:00:00.000Z,https://coinmarketcap.com/historical/20250504/,,
2025-05-04,2025-05,AVAX,5805,19.90127618,417750705.9864958,454420205.9864958,715748719.0,8313772173.126126,2025-05-04T00:00:00.000Z,2025-05-04T00:00:00.000Z,https://coinmarketcap.com/historical/20250504/,720000000.0,0.5802093138701331
2025-05-04,2025-05,NEAR,6535,2.32283411,1210247822.0,1248607282.0,,2811204926.9064713,2025-05-04T00:00:00.000Z,2025-05-04T00:00:00.000Z,https://coinmarketcap.com/historical/20250504/,,
2025-05-04,2025-05,DOT,6636,3.92079081,1574608508.0392299,1574608508.0392299,,6173710560.04381,2025-05-04T00:00:00.000Z,2025-05-04T00:00:00.000Z,https://coinmarketcap.com/historical/20250504/,,
2025-05-04,2025-05,SUI,20947,3.27828048,3338327017.9116654,10000000000.0,10000000000.0,10943972313.708405,2025-05-04T00:00:00.000Z,2025-05-04T00:00:00.000Z,https://coinmarketcap.com/historical/20250504/,10000000000.0,0.33383270179116653
2025-05-04,2025-05,APT,21794,5.10087578,620585851.3646587,1151292402.169302,,3165531338.4517283,2025-05-04T00:00:00.000Z,2025-05-04T00:00:00.000Z,https://coinmarketcap.com/historical/20250504/,,
2025-06-01,2025-06,BTC,1,105652.09856252,19873178.0,19873178.0,21000000.0,2099642960806.6013,2025-06-01T00:00:00.000Z,2025-06-01T00:00:00.000Z,https://coinmarketcap.com/historical/20250601/,21000000.0,0.9463418095238095
2025-06-01,2025-06,ETH,1027,2536.26630881,120723843.90111603,120723843.90111603,,306187817956.99805,2025-06-01T00:00:00.000Z,2025-06-01T00:00:00.000Z,https://coinmarketcap.com/historical/20250601/,,
2025-06-01,2025-06,ADA,2010,0.6849737,35337743183.176506,44994501828.18774,45000000000.0,24205424796.985332,2025-06-01T00:00:00.000Z,2025-06-01T00:00:00.000Z,https://coinmarketcap.com/historical/20250601/,45000000000.0,0.7852831818483668
2025-06-01,2025-06,ATOM,3794,4.36643504,390934204.0,390934204.0,,1706988806.433759,2025-06-01T00:00:00.000Z,2025-06-01T00:00:00.000Z,https://coinmarketcap.com/historical/20250601/,,
2025-06-01,2025-06,SOL,5426,157.78455021,522415010.85223347,602120477.6646335,,82429017509.09154,2025-06-01T00:00:00.000Z,2025-06-01T00:00:00.000Z,https://coinmarketcap.com/historical/20250601/,,
2025-06-01,2025-06,AVAX,5805,20.87341124,421524538.82402235,456527238.82402235,715748719.0,8798655045.34119,2025-06-01T00:00:00.000Z,2025-06-01T00:00:00.000Z,https://coinmarketcap.com/historical/20250601/,720000000.0,0.5854507483666977
2025-06-01,2025-06,NEAR,6535,2.46124847,1220051831.0,1253174856.0,,3002850703.894118,2025-06-01T00:00:00.000Z,2025-06-01T00:00:00.000Z,https://coinmarketcap.com/historical/20250601/,,
2025-06-01,2025-06,DOT,6636,4.06427167,1583182101.7270072,1583182101.7270072,,6434482170.252595,2025-06-01T00:00:00.000Z,2025-06-01T00:00:00.000Z,https://coinmarketcap.com/historical/20250601/,,
2025-06-01,2025-06,SUI,20947,3.34242781,3396671135.3644433,10000000000.0,10000000000.0,11353128078.90863,2025-06-01T00:00:00.000Z,2025-06-01T00:00:00.000Z,https://coinmarketcap.com/historical/20250601/,10000000000.0,0.33966711353644435
2025-06-01,2025-06,APT,21794,4.80817687,630631036.4666548,1150027763.3778443,,3032185564.0973988,2025-06-01T00:00:00.000Z,2025-06-01T00:00:00.000Z,https://coinmarketcap.com/historical/20250601/,,
2025-07-06,2025-07,BTC,1,109232.06973456,19888631.0,19888631.0,21000000.0,2172476328316.875,2025-07-06T00:00:00.000Z,2025-07-06T00:00:00.000Z,https://coinmarketcap.com/historical/20250706/,21000000.0,0.9470776666666667
2025-07-06,2025-07,ETH,1027,2571.2364784,120716941.95932822,120716941.95932822,,310391804726.2499,2025-07-06T00:00:00.000Z,2025-07-06T00:00:00.000Z,https://coinmarketcap.com/historical/20250706/,,
2025-07-06,2025-07,ADA,2010,0.58601309,35384048918.1417,44994881817.764694,45000000000.0,20735515813.067623,2025-07-06T00:00:00.000Z,2025-07-06T00:00:00.000Z,https://coinmarketcap.com/historical/20250706/,45000000000.0,0.7863121981809267
2025-07-06,2025-07,ATOM,3794,4.07970357,390934204.0,390934204.0,,1594895667.8337278,2025-07-06T00:00:00.000Z,2025-07-06T00:00:00.000Z,https://coinmarketcap.com/historical/20250706/,,
2025-07-06,2025-07,SOL,5426,151.8729397,534852141.8873359,604595648.1016209,,81229567093.3065,2025-07-06T00:00:00.000Z,2025-07-06T00:00:00.000Z,https://coinmarketcap.com/historical/20250706/,,
2025-07-06,2025-07,AVAX,5805,18.29859016,422202905.4207003,457205605.4207003,715748719.0,7725717932.5066805,2025-07-06T00:00:00.000Z,2025-07-06T00:00:00.000Z,https://coinmarketcap.com/historical/20250706/,720000000.0,0.5863929241954171
2025-07-06,2025-07,NEAR,6535,2.18087943,1231381224.0,1259034709.0,,2685493979.379584,2025-07-06T00:00:00.000Z,2025-07-06T00:00:00.000Z,https://coinmarketcap.com/historical/20250706/,,
2025-07-06,2025-07,DOT,6636,3.39577747,1594616824.9073403,1594616824.9073403,,5414963890.549769,2025-07-06T00:00:00.000Z,2025-07-06T00:00:00.000Z,https://coinmarketcap.com/historical/20250706/,,
2025-07-06,2025-07,SUI,20947,2.91217163,3455015252.817221,10000000000.0,10000000000.0,10061597403.209679,2025-07-06T00:00:00.000Z,2025-07-06T00:00:00.000Z,https://coinmarketcap.com/historical/20250706/,10000000000.0,0.3455015252817221
2025-07-06,2025-07,APT,21794,4.47172309,644750195.2654151,1152837139.17409,,2883144337.418616,2025-07-06T00:00:00.000Z,2025-07-06T00:00:00.000Z,https://coinmarketcap.com/historical/20250706/,,
2025-08-03,2025-08,BTC,1,114217.6729691,19901484.0,19901484.0,21000000.0,2273101191111.861,2025-08-03T00:00:00.000Z,2025-08-03T00:00:00.000Z,https://coinmarketcap.com/historical/20250803/,21000000.0,0.9476897142857142
2025-08-03,2025-08,ETH,1027,3497.37910708,120709651.80381808,120709651.80381808,,422167414241.6376,2025-08-03T00:00:00.000Z,2025-08-03T00:00:00.000Z,https://coinmarketcap.com/historical/20250803/,,
2025-08-03,2025-08,ADA,2010,0.72697634,35418267108.580055,44990676370.35692,45000000000.0,25748242274.557438,2025-08-03T00:00:00.000Z,2025-08-03T00:00:00.000Z,https://coinmarketcap.com/historical/20250803/,45000000000.0,0.7870726024128901
2025-08-03,2025-08,ATOM,3794,4.27430087,390934204.0,390934204.0,,1670970407.6129107,2025-08-03T00:00:00.000Z,2025-08-03T00:00:00.000Z,https://coinmarketcap.com/historical/20250803/,,
2025-08-03,2025-08,SOL,5426,161.95496623,538413042.8759992,606759034.479561,,87198666175.52853,2025-08-03T00:00:00.000Z,2025-08-03T00:00:00.000Z,https://coinmarketcap.com/historical/20250803/,,
2025-08-03,2025-08,AVAX,5805,21.37859511,422275285.48916084,457277985.48916084,715748719.0,9027652351.868433,2025-08-03T00:00:00.000Z,2025-08-03T00:00:00.000Z,https://coinmarketcap.com/historical/20250803/,720000000.0,0.586493452068279
2025-08-03,2025-08,NEAR,6535,2.44499535,1240605901.0,1263803073.0,,3033275659.2202806,2025-08-03T00:00:00.000Z,2025-08-03T00:00:00.000Z,https://coinmarketcap.com/historical/20250803/,,
2025-08-03,2025-08,DOT,6636,3.60395281,1603703703.1100922,1603703703.1100922,,5779672462.076017,2025-08-03T00:00:00.000Z,2025-08-03T00:00:00.000Z,https://coinmarketcap.com/historical/20250803/,,
2025-08-03,2025-08,SUI,20947,3.44714642,3511924479.5699987,10000000000.0,10000000000.0,12106117911.52444,2025-08-03T00:00:00.000Z,2025-08-03T00:00:00.000Z,https://coinmarketcap.com/historical/20250803/,10000000000.0,0.3511924479569999
2025-08-03,2025-08,APT,21794,4.22814457,671559290.5839274,1168336451.4883351,,2839449768.431946,2025-08-03T00:00:00.000Z,2025-08-03T00:00:00.000Z,https://coinmarketcap.com/historical/20250803/,,
2025-09-07,2025-09,BTC,1,111167.6195183,19917634.0,19917634.0,21000000.0,2214195958216.8203,2025-09-07T00:00:00.000Z,2025-09-07T00:00:00.000Z,https://coinmarketcap.com/historical/20250907/,21000000.0,0.9484587619047619
2025-09-07,2025-09,ETH,1027,4305.34766835,120705109.5356897,120705109.5356897,,519677461897.37476,2025-09-07T00:00:00.000Z,2025-09-07T00:00:00.000Z,https://coinmarketcap.com/historical/20250907/,,
2025-09-07,2025-09,ADA,2010,0.83505923,35767053299.79184,44994785666.317154,45000000000.0,29867607972.20816,2025-09-07T00:00:00.000Z,2025-09-07T00:00:00.000Z,https://coinmarketcap.com/historical/20250907/,45000000000.0,0.7948234066620409
2025-09-07,2025-09,ATOM,3794,4.48519223,467049760.0,467049760.0,,2094807952.4665697,2025-09-07T00:00:00.000Z,2025-09-07T00:00:00.000Z,https://coinmarketcap.com/historical/20250907/,,
2025-09-07,2025-09,SOL,5426,206.46817939,541884636.4068418,609184257.0394311,,111881934320.13971,2025-09-07T00:00:00.000Z,2025-09-07T00:00:00.000Z,https://coinmarketcap.com/historical/20250907/,,
2025-09-07,2025-09,AVAX,5805,24.69254903,422275285.48916084,457277985.48916084,715748719.0,10427053189.566753,2025-09-07T00:00:00.000Z,2025-09-07T00:00:00.000Z,https://coinmarketcap.com/historical/20250907/,720000000.0,0.586493452068279
2025-09-07,2025-09,NEAR,6535,2.46503267,1249836992.0,1269754210.0,,3080889018.069079,2025-09-07T00:00:00.000Z,2025-09-07T00:00:00.000Z,https://coinmarketcap.com/historical/20250907/,,
2025-09-07,2025-09,DOT,6636,3.99486707,1614972691.850811,1614972691.850811,,6451601220.290179,2025-09-07T00:00:00.000Z,2025-09-07T00:00:00.000Z,https://coinmarketcap.com/historical/20250907/,,
2025-09-07,2025-09,SUI,20947,3.39780943,3568833706.3227763,10000000000.0,10000000000.0,12126216822.871214,2025-09-07T00:00:00.000Z,2025-09-07T00:00:00.000Z,https://coinmarketcap.com/historical/20250907/,10000000000.0,0.35688337063227765
2025-09-07,2025-09,APT,21794,4.27350299,688414720.1708221,1173882098.07185,,2941942365.570903,2025-09-07T00:00:00.000Z,2025-09-07T00:00:00.000Z,https://coinmarketcap.com/historical/20250907/,,
2025-10-05,2025-10,BTC,1,123513.47371397,19928203.0,19928203.0,21000000.0,2461401577407.1,2025-10-05T00:00:00.000Z,2025-10-05T00:00:00.000Z,https://coinmarketcap.com/historical/20251005/,21000000.0,0.9489620476190476
2025-10-05,2025-10,ETH,1027,4515.42298012,120703250.5285526,120703250.5285526,,545026231211.62317,2025-10-05T00:00:00.000Z,2025-10-05T00:00:00.000Z,https://coinmarketcap.com/historical/20251005/,,
2025-10-05,2025-10,ADA,2010,0.83735234,35818890118.10661,44994584575.490295,45000000000.0,29993031311.164463,2025-10-05T00:00:00.000Z,2025-10-05T00:00:00.000Z,https://coinmarketcap.com/historical/20251005/,45000000000.0,0.7959753359579247
2025-10-05,2025-10,ATOM,3794,4.15083942,471455260.0,471455260.0,,1956935078.0049732,2025-10-05T00:00:00.000Z,2025-10-05T00:00:00.000Z,https://coinmarketcap.com/historical/20251005/,,
2025-10-05,2025-10,SOL,5426,228.60119809,545358609.5454984,611163851.8580724,,124669631531.0289,2025-10-05T00:00:00.000Z,2025-10-05T00:00:00.000Z,https://coinmarketcap.com/historical/20251005/,,
2025-10-05,2025-10,AVAX,5805,30.08598121,422275285.48916084,457277985.48916084,715748719.0,12704566305.717667,2025-10-05T00:00:00.000Z,2025-10-05T00:00:00.000Z,https://coinmarketcap.com/historical/20251005/,720000000.0,0.586493452068279
2025-10-05,2025-10,NEAR,6535,2.95889338,1249836992.0,1274537271.0,,3698134396.1847944,2025-10-05T00:00:00.000Z,2025-10-05T00:00:00.000Z,https://coinmarketcap.com/historical/20251005/,,
2025-10-05,2025-10,DOT,6636,4.13580057,1624067586.2428486,1624067586.2428486,,6716819641.055647,2025-10-05T00:00:00.000Z,2025-10-05T00:00:00.000Z,https://coinmarketcap.com/historical/20251005/,,
2025-10-05,2025-10,SUI,20947,3.56420926,3625742933.075554,10000000000.0,10000000000.0,12922906518.470074,2025-10-05T00:00:00.000Z,2025-10-05T00:00:00.000Z,https://coinmarketcap.com/historical/20251005/,10000000000.0,0.36257429330755536
2025-10-05,2025-10,APT,21794,5.46612412,704111789.0744717,1178269383.9731781,,3848762436.675402,2025-10-05T00:00:00.000Z,2025-10-05T00:00:00.000Z,https://coinmarketcap.com/historical/20251005/,,
2025-11-02,2025-11,BTC,1,110639.62631102,19943668.0,19943668.0,21000000.0,2206559974790.949,2025-11-02T00:00:00.000Z,2025-11-02T00:00:00.000Z,https://coinmarketcap.com/historical/20251102/,21000000.0,0.9496984761904762
2025-11-02,2025-11,ETH,1027,3911.06332611,120697887.06765004,120697887.06765004,,472057079648.9527,2025-11-02T00:00:00.000Z,2025-11-02T00:00:00.000Z,https://coinmarketcap.com/historical/20251102/,,
2025-11-02,2025-11,ADA,2010,0.61080394,35860558784.3475,44994575840.545494,45000000000.0,21903770468.872673,2025-11-02T00:00:00.000Z,2025-11-02T00:00:00.000Z,https://coinmarketcap.com/historical/20251102/,45000000000.0,0.7969013063188334
2025-11-02,2025-11,ATOM,3794,3.07170476,475896670.0,475896670.0,,1461814068.6848946,2025-11-02T00:00:00.000Z,2025-11-02T00:00:00.000Z,https://coinmarketcap.com/historical/20251102/,,
2025-11-02,2025-11,SOL,5426,187.8259724,552494523.9286139,613125591.424526,,103772821200.4065,2025-11-02T00:00:00.000Z,2025-11-02T00:00:00.000Z,https://coinmarketcap.com/historical/20251102/,,
2025-11-02,2025-11,AVAX,5805,18.8594723,426754928.8463164,460090828.8463164,715748719.0,8048372758.495921,2025-11-02T00:00:00.000Z,2025-11-02T00:00:00.000Z,https://coinmarketcap.com/historical/20251102/,720000000.0,0.5927151789532172
2025-11-02,2025-11,NEAR,6535,2.19627106,1278952567.0,1278952567.0,,2808926512.593119,2025-11-02T00:00:00.000Z,2025-11-02T00:00:00.000Z,https://coinmarketcap.com/historical/20251102/,,
2025-11-02,2025-11,DOT,6636,2.98784745,1629739714.0694196,1629739714.0694196,,4869413648.205627,2025-11-02T00:00:00.000Z,2025-11-02T00:00:00.000Z,https://coinmarketcap.com/historical/20251102/,,
2025-11-02,2025-11,SUI,20947,2.35870299,3681325480.198332,10000000000.0,10000000000.0,8683153417.993355,2025-11-02T00:00:00.000Z,2025-11-02T00:00:00.000Z,https://coinmarketcap.com/historical/20251102/,10000000000.0,0.3681325480198332
2025-11-02,2025-11,APT,21794,3.3799855,719704910.1544341,1182552722.0586371,,2432592158.810102,2025-11-02T00:00:00.000Z,2025-11-02T00:00:00.000Z,https://coinmarketcap.com/historical/20251102/,,
2025-12-07,2025-12,BTC,1,90405.63851087,19959056.0,19959056.0,21000000.0,1804411201754.3088,2025-12-07T00:00:00.000Z,2025-12-07T00:00:00.000Z,https://coinmarketcap.com/historical/20251207/,21000000.0,0.9504312380952381
2025-12-07,2025-12,ETH,1027,3061.30181441,120695407.9396871,120695407.9396871,,369485071316.1968,2025-12-07T00:00:00.000Z,2025-12-07T00:00:00.000Z,https://coinmarketcap.com/historical/20251207/,,
2025-12-07,2025-12,ADA,2010,0.41681146,35902711180.54704,44994867868.16472,45000000000.0,14964661330.5794,2025-12-07T00:00:00.000Z,2025-12-07T00:00:00.000Z,https://coinmarketcap.com/historical/20251207/,45000000000.0,0.7978380262343787
2025-12-07,2025-12,ATOM,3794,2.17876474,481487360.0,481487360.0,,1049047682.0461408,2025-12-07T00:00:00.000Z,2025-12-07T00:00:00.000Z,https://coinmarketcap.com/historical/20251207/,,
2025-12-07,2025-12,SOL,5426,132.09357309,560631621.0890156,615623322.463854,,74055834015.84361,2025-12-07T00:00:00.000Z,2025-12-07T00:00:00.000Z,https://coinmarketcap.com/historical/20251207/,,
2025-12-07,2025-12,AVAX,5805,13.45582897,429184249.8513723,460853349.8513723,715748719.0,5775029864.368721,2025-12-07T00:00:00.000Z,2025-12-07T00:00:00.000Z,https://coinmarketcap.com/historical/20251207/,720000000.0,0.5960892359046838
2025-12-07,2025-12,NEAR,6535,1.70305385,1281921057.0,1281921057.0,,2183180591.254649,2025-12-07T00:00:00.000Z,2025-12-07T00:00:00.000Z,https://coinmarketcap.com/historical/20251207/,,
2025-12-07,2025-12,DOT,6636,2.09153128,1643013761.5827975,1643013761.5827975,,3436414667.7061677,2025-12-07T00:00:00.000Z,2025-12-07T00:00:00.000Z,https://coinmarketcap.com/historical/20251207/,,
2025-12-07,2025-12,SUI,20947,1.58112209,3736866360.6511097,10000000000.0,10000000000.0,5908441957.697231,2025-12-07T00:00:00.000Z,2025-12-07T00:00:00.000Z,https://coinmarketcap.com/historical/20251207/,10000000000.0,0.373686636065111
2025-12-07,2025-12,APT,21794,1.70703525,736051856.070274,1187589884.9635186,,1256466463.8573341,2025-12-07T00:00:00.000Z,2025-12-07T00:00:00.000Z,https://coinmarketcap.com/historical/20251207/,,
2026-01-04,2026-01,BTC,1,91413.49252156,19971675.0,19971675.0,21000000.0,1825680563255.435,2026-01-04T00:00:00.000Z,2026-01-04T00:00:00.000Z,https://coinmarketcap.com/historical/20260104/,21000000.0,0.9510321428571429
2026-01-04,2026-01,ETH,1027,3140.71037902,120694851.35145478,120694851.35145478,,379067572333.48315,2026-01-04T00:00:00.000Z,2026-01-04T00:00:00.000Z,https://coinmarketcap.com/historical/20260104/,,
2026-01-04,2026-01,ADA,2010,0.40009147,35951226975.06492,44994541266.439156,45000000000.0,14383779203.952703,2026-01-04T00:00:00.000Z,2026-01-04T00:00:00.000Z,https://coinmarketcap.com/historical/20260104/,45000000000.0,0.7989161550014426
2026-01-04,2026-01,ATOM,3794,2.33757123,486136450.0,486136450.0,,1136378580.5180635,2026-01-04T00:00:00.000Z,2026-01-04T00:00:00.000Z,https://coinmarketcap.com/historical/20260104/,,
2026-01-04,2026-01,SOL,5426,133.89961565,563277308.6408587,617545601.3997532,,75422615131.41112,2026-01-04T00:00:00.000Z,2026-01-04T00:00:00.000Z,https://coinmarketcap.com/historical/20260104/,,
2026-01-04,2026-01,AVAX,5805,14.22736872,430209863.0105799,461878963.0105799,715748719.0,6120754348.757628,2026-01-04T00:00:00.000Z,2026-01-04T00:00:00.000Z,https://coinmarketcap.com/historical/20260104/,720000000.0,0.5975136986258054
2026-01-04,2026-01,NEAR,6535,1.72547353,1284280495.0,1284280495.0,,2215991993.737596,2026-01-04T00:00:00.000Z,2026-01-04T00:00:00.000Z,https://coinmarketcap.com/historical/20260104/,,
2026-01-04,2026-01,DOT,6636,2.13984978,1652005587.3380103,1652005587.3380103,,3535043800.1535234,2026-01-04T00:00:00.000Z,2026-01-04T00:00:00.000Z,https://coinmarketcap.com/historical/20260104/,,
2026-01-04,2026-01,SUI,20947,1.6903862,3792183074.7738876,10000000000.0,10000000000.0,6410253928.842444,2026-01-04T00:00:00.000Z,2026-01-04T00:00:00.000Z,https://coinmarketcap.com/historical/20260104/,10000000000.0,0.37921830747738877
2026-01-04,2026-01,APT,21794,1.93902457,750986043.5911114,1191214289.4830165,,1456180392.9362864,2026-01-04T00:00:00.000Z,2026-01-04T00:00:00.000Z,https://coinmarketcap.com/historical/20260104/,,
2026-02-01,2026-02,BTC,1,76974.44290816,19982656.0,19982656.0,21000000.0,1538153813425.367,2026-02-01T00:00:00.000Z,2026-02-01T00:00:00.000Z,https://coinmarketcap.com/historical/20260201/,21000000.0,0.9515550476190476
2026-02-01,2026-02,ETH,1027,2267.96492059,120693747.8446139,120693747.8446139,,273729186245.6907,2026-02-01T00:00:00.000Z,2026-02-01T00:00:00.000Z,https://coinmarketcap.com/historical/20260201/,,
2026-02-01,2026-02,ADA,2010,0.28603217,36046116263.33097,44994549883.202866,45000000000.0,10310348955.615702,2026-02-01T00:00:00.000Z,2026-02-01T00:00:00.000Z,https://coinmarketcap.com/historical/20260201/,45000000000.0,0.8010248058517994
2026-02-01,2026-02,ATOM,3794,1.91253447,490816300.0,490816300.0,,938703090.1089526,2026-02-01T00:00:00.000Z,2026-02-01T00:00:00.000Z,https://coinmarketcap.com/historical/20260201/,,
2026-02-01,2026-02,SOL,5426,100.8505269,566430994.0730758,619584004.1300863,,57124864203.21765,2026-02-01T00:00:00.000Z,2026-02-01T00:00:00.000Z,https://coinmarketcap.com/historical/20260201/,,
2026-02-01,2026-02,AVAX,5805,9.9159434,431657422.84098315,463326522.84098315,715748719.0,4280290574.0136704,2026-02-01T00:00:00.000Z,2026-02-01T00:00:00.000Z,https://coinmarketcap.com/historical/20260201/,720000000.0,0.5995241983902544
2026-02-01,2026-02,NEAR,6535,1.17255458,1286677365.0,1286677365.0,,1508699441.2157378,2026-02-01T00:00:00.000Z,2026-02-01T00:00:00.000Z,https://coinmarketcap.com/historical/20260201/,,
2026-02-01,2026-02,DOT,6636,1.49687903,1661094827.8850958,1661094827.8850958,,2486458022.964246,2026-02-01T00:00:00.000Z,2026-02-01T00:00:00.000Z,https://coinmarketcap.com/historical/20260201/,,
2026-02-01,2026-02,SUI,20947,1.10342327,3846172527.4296656,10000000000.0,10000000000.0,4243956283.1650887,2026-02-01T00:00:00.000Z,2026-02-01T00:00:00.000Z,https://coinmarketcap.com/historical/20260201/,10000000000.0,0.38461725274296654
2026-02-01,2026-02,APT,21794,1.23689269,765727739.0017797,1194646201.8898463,,947123045.3907727,2026-02-01T00:00:00.000Z,2026-02-01T00:00:00.000Z,https://coinmarketcap.com/historical/20260201/,,
2026-03-01,2026-03,BTC,1,65738.09820734,19996631.0,19996631.0,21000000.0,1314540492493.9294,2026-03-01T00:00:00.000Z,2026-03-01T00:00:00.000Z,https://coinmarketcap.com/historical/20260301/,21000000.0,0.9522205238095238
2026-03-01,2026-03,ETH,1027,1939.06660219,120692217.5765452,120692217.5765452,,234030248246.46057,2026-03-01T00:00:00.000Z,2026-03-01T00:00:00.000Z,https://coinmarketcap.com/historical/20260301/,,
2026-03-01,2026-03,ADA,2010,0.27358003,36078864112.21547,44994838422.19901,45000000000.0,9870456692.291391,2026-03-01T00:00:00.000Z,2026-03-01T00:00:00.000Z,https://coinmarketcap.com/historical/20260301/,45000000000.0,0.8017525358270104
2026-03-01,2026-03,ATOM,3794,1.79985793,495518300.0,495518300.0,,891862539.9236053,2026-03-01T00:00:00.000Z,2026-03-01T00:00:00.000Z,https://coinmarketcap.com/historical/20260301/,,
2026-03-01,2026-03,SOL,5426,83.57766334,569647255.7744995,621465321.8281916,,47609786567.82679,2026-03-01T00:00:00.000Z,2026-03-01T00:00:00.000Z,https://coinmarketcap.com/historical/20260301/,,
2026-03-01,2026-03,AVAX,5805,9.03087585,431771961.1772119,463441061.1772119,715748719.0,3899278974.910396,2026-03-01T00:00:00.000Z,2026-03-01T00:00:00.000Z,https://coinmarketcap.com/historical/20260301/,720000000.0,0.5996832794127943
2026-03-01,2026-03,NEAR,6535,1.15026809,1289095420.0,1289095420.0,,1482805325.2375424,2026-03-01T00:00:00.000Z,2026-03-01T00:00:00.000Z,https://coinmarketcap.com/historical/20260301/,,
2026-03-01,2026-03,DOT,6636,1.53712085,1670267382.3524845,1670267382.3524845,2100000000.0,2567402813.9999514,2026-03-01T00:00:00.000Z,2026-03-01T00:00:00.000Z,https://coinmarketcap.com/historical/20260301/,,
2026-03-01,2026-03,SUI,20947,0.88760921,3899984688.4154434,10000000000.0,10000000000.0,3461662340.202404,2026-03-01T00:00:00.000Z,2026-03-01T00:00:00.000Z,https://coinmarketcap.com/historical/20260301/,10000000000.0,0.3899984688415443
2026-03-01,2026-03,APT,21794,0.92891363,780348842.107203,1197957522.0051448,,724876677.8404133,2026-03-01T00:00:00.000Z,2026-03-01T00:00:00.000Z,https://coinmarketcap.com/historical/20260301/,,
2026-04-05,2026-04,BTC,1,68981.90079219,20012025.0,20012025.0,21000000.0,1380467523200.7883,2026-04-05T00:00:00.000Z,2026-04-05T00:00:00.000Z,https://coinmarketcap.com/historical/20260405/,21000000.0,0.9529535714285714
2026-04-05,2026-04,ETH,1027,2108.99550048,120691237.98093913,120691237.98093913,,254537277849.23956,2026-04-05T00:00:00.000Z,2026-04-05T00:00:00.000Z,https://coinmarketcap.com/historical/20260405/,,
2026-04-05,2026-04,ADA,2010,0.25042696,36096440525.57868,44994439995.92189,45000000000.0,9039521930.12407,2026-04-05T00:00:00.000Z,2026-04-05T00:00:00.000Z,https://coinmarketcap.com/historical/20260405/,45000000000.0,0.8021431227906374
2026-04-05,2026-04,ATOM,3794,1.69472081,501508380.0,501508380.0,,849916685.6684407,2026-04-05T00:00:00.000Z,2026-04-05T00:00:00.000Z,https://coinmarketcap.com/historical/20260405/,,
2026-04-05,2026-04,SOL,5426,81.85449271,572969224.9161452,623859197.4135174,,46900105241.5903,2026-04-05T00:00:00.000Z,2026-04-05T00:00:00.000Z,https://coinmarketcap.com/historical/20260405/,,
2026-04-05,2026-04,AVAX,5805,9.05503118,431771961.1772119,463441061.1772119,715748719.0,3909708570.8846455,2026-04-05T00:00:00.000Z,2026-04-05T00:00:00.000Z,https://coinmarketcap.com/historical/20260405/,720000000.0,0.5996832794127943
2026-04-05,2026-04,NEAR,6535,1.24684309,1292105247.0,1292105247.0,,1611052492.4609928,2026-04-05T00:00:00.000Z,2026-04-05T00:00:00.000Z,https://coinmarketcap.com/historical/20260405/,,
2026-04-05,2026-04,DOT,6636,1.24301438,1677787021.5996048,1677787021.5996048,2100000000.0,2085513390.0724897,2026-04-05T00:00:00.000Z,2026-04-05T00:00:00.000Z,https://coinmarketcap.com/historical/20260405/,,
2026-04-05,2026-04,SUI,20947,0.86963843,3953388932.0712214,10000000000.0,10000000000.0,3438018926.427041,2026-04-05T00:00:00.000Z,2026-04-05T00:00:00.000Z,https://coinmarketcap.com/historical/20260405/,10000000000.0,0.3953388932071221
2026-04-05,2026-04,APT,21794,0.8492475,794437410.5643247,1200736307.4556718,2100000000.0,674673981.5551592,2026-04-05T00:00:00.000Z,2026-04-05T00:00:00.000Z,https://coinmarketcap.com/historical/20260405/,,
2026-05-03,2026-05,BTC,1,78538.22338525,20023521.0,20023521.0,21000000.0,1572611765257.2517,2026-05-03T00:00:00.000Z,2026-05-03T00:00:00.000Z,https://coinmarketcap.com/historical/20260503/,21000000.0,0.953501
2026-05-03,2026-05,ETH,1027,2321.63570239,120687385.4620621,120687385.4620621,,280192142917.38934,2026-05-03T00:00:00.000Z,2026-05-03T00:00:00.000Z,https://coinmarketcap.com/historical/20260503/,,
2026-05-03,2026-05,ADA,2010,0.24943542,36188245156.30077,44993834633.78609,45000000000.0,9026630082.189116,2026-05-03T00:00:00.000Z,2026-05-03T00:00:00.000Z,https://coinmarketcap.com/historical/20260503/,45000000000.0,0.8041832256955728
2026-05-03,2026-05,ATOM,3794,1.87539931,506351113.651955,506351113.651955,,949610527.1626946,2026-05-03T00:00:00.000Z,2026-05-03T00:00:00.000Z,https://coinmarketcap.com/historical/20260503/,,
2026-05-03,2026-05,SOL,5426,83.89957737,576326749.0286928,625702275.592089,,48353570672.145996,2026-05-03T00:00:00.000Z,2026-05-03T00:00:00.000Z,https://coinmarketcap.com/historical/20260503/,,
2026-05-03,2026-05,AVAX,5805,9.08486561,431771961.1772119,463441061.1772119,715748719.0,3922590243.398701,2026-05-03T00:00:00.000Z,2026-05-03T00:00:00.000Z,https://coinmarketcap.com/historical/20260503/,720000000.0,0.5996832794127943
2026-05-03,2026-05,NEAR,6535,1.27546393,1294547574.0,1294547574.0,,1651148732.675163,2026-05-03T00:00:00.000Z,2026-05-03T00:00:00.000Z,https://coinmarketcap.com/historical/20260503/,,
2026-05-03,2026-05,DOT,6636,1.21011125,1682090351.8600016,1682090351.8600016,2100000000.0,2035516452.3827515,2026-05-03T00:00:00.000Z,2026-05-03T00:00:00.000Z,https://coinmarketcap.com/historical/20260503/,,
2026-05-03,2026-05,SUI,20947,0.92040199,4005418369.566699,10000000000.0,10000000000.0,3686595021.9019456,2026-05-03T00:00:00.000Z,2026-05-03T00:00:00.000Z,https://coinmarketcap.com/historical/20260503/,10000000000.0,0.4005418369566699
2026-05-03,2026-05,APT,21794,0.98701239,807149887.2885888,1202139001.1775289,2100000000.0,796666938.4614972,2026-05-03T00:00:00.000Z,2026-05-03T00:00:00.000Z,https://coinmarketcap.com/historical/20260503/,,
2026-06-07,2026-06,BTC,1,63239.51960014,20039087.0,20039087.0,21000000.0,1267262235105.5105,2026-06-07T00:00:00.000Z,2026-06-07T00:00:00.000Z,https://coinmarketcap.com/historical/20260607/,21000000.0,0.9542422380952381
2026-06-07,2026-06,ETH,1027,1686.39619826,120684490.99540102,120684490.99540102,,203521866803.3057,2026-06-07T00:00:00.000Z,2026-06-07T00:00:00.000Z,https://coinmarketcap.com/historical/20260607/,,
2026-06-07,2026-06,ADA,2010,0.16497435,36227309439.57397,44993713275.06626,45000000000.0,5976576824.35603,2026-06-07T00:00:00.000Z,2026-06-07T00:00:00.000Z,https://coinmarketcap.com/historical/20260607/,45000000000.0,0.8050513208794214
2026-06-07,2026-06,ATOM,3794,1.71182678,512502484.104306,512502484.104306,,877315479.120227,2026-06-07T00:00:00.000Z,2026-06-07T00:00:00.000Z,https://coinmarketcap.com/historical/20260607/,,
2026-06-07,2026-06,SOL,5426,66.31062814,579304207.3213439,627915638.0670203,,38414025872.293,2026-06-07T00:00:00.000Z,2026-06-07T00:00:00.000Z,https://coinmarketcap.com/historical/20260607/,,
2026-06-07,2026-06,AVAX,5805,6.79609365,431771961.1772119,463441061.1772119,715748719.0,2934362682.685014,2026-06-07T00:00:00.000Z,2026-06-07T00:00:00.000Z,https://coinmarketcap.com/historical/20260607/,720000000.0,0.5996832794127943
2026-06-07,2026-06,NEAR,6535,2.05333891,1297629216.0,1297629216.0,,2664472565.9415913,2026-06-07T00:00:00.000Z,2026-06-07T00:00:00.000Z,https://coinmarketcap.com/historical/20260607/,,
2026-06-07,2026-06,DOT,6636,0.97062029,1687460482.7871003,1687460482.7871003,2100000000.0,1637883381.4595904,2026-06-07T00:00:00.000Z,2026-06-07T00:00:00.000Z,https://coinmarketcap.com/historical/20260607/,,
2026-06-07,2026-06,SUI,20947,0.75639392,4029196852.454399,10000000000.0,10000000000.0,3047660006.378909,2026-06-07T00:00:00.000Z,2026-06-07T00:00:00.000Z,https://coinmarketcap.com/historical/20260607/,10000000000.0,0.4029196852454399
2026-06-07,2026-06,APT,21794,0.67016088,820183331.3157828,1203862662.216524,2100000000.0,549654783.8781374,2026-06-07T00:00:00.000Z,2026-06-07T00:00:00.000Z,https://coinmarketcap.com/historical/20260607/,,
2026-07-05,2026-07,BTC,1,63547.88421082,20052646.0,20052646.0,21000000.0,1274303226128.575,2026-07-05T00:00:00.000Z,2026-07-05T00:00:00.000Z,https://coinmarketcap.com/historical/20260705/,21000000.0,0.9548879047619048
2026-07-05,2026-07,ETH,1027,1783.00596422,120683199.93981396,120683199.93981396,,215178865274.24252,2026-07-05T00:00:00.000Z,2026-07-05T00:00:00.000Z,https://coinmarketcap.com/historical/20260705/,,
2026-07-05,2026-07,ADA,2010,0.18936611,36453321539.87201,44992322341.13371,45000000000.0,6903023740.719667,2026-07-05T00:00:00.000Z,2026-07-05T00:00:00.000Z,https://coinmarketcap.com/historical/20260705/,45000000000.0,0.8100738119971558
2026-07-05,2026-07,ATOM,3794,1.59295563,517482515.609282,517482515.609282,,824326686.7442397,2026-07-05T00:00:00.000Z,2026-07-05T00:00:00.000Z,https://coinmarketcap.com/historical/20260705/,,
2026-07-05,2026-07,SOL,5426,81.42304198,581129695.0814313,629718005.629272,,47317347559.31333,2026-07-05T00:00:00.000Z,2026-07-05T00:00:00.000Z,https://coinmarketcap.com/historical/20260705/,,
2026-07-05,2026-07,AVAX,5805,6.91726608,431771961.1772119,463441061.1772119,715748719.0,2986681541.9562345,2026-07-05T00:00:00.000Z,2026-07-05T00:00:00.000Z,https://coinmarketcap.com/historical/20260705/,720000000.0,0.5996832794127943
2026-07-05,2026-07,NEAR,6535,2.01304309,1300095625.0,1300095625.0,,2617148511.887254,2026-07-05T00:00:00.000Z,2026-07-05T00:00:00.000Z,https://coinmarketcap.com/historical/20260705/,,
2026-07-05,2026-07,DOT,6636,0.87940495,1691934931.1224353,1691934931.1224353,2100000000.0,1487895955.7433784,2026-07-05T00:00:00.000Z,2026-07-05T00:00:00.000Z,https://coinmarketcap.com/historical/20260705/,,
2026-07-05,2026-07,SUI,20947,0.75548338,4052334085.342099,10000000000.0,10000000000.0,3061471038.2774005,2026-07-05T00:00:00.000Z,2026-07-05T00:00:00.000Z,https://coinmarketcap.com/historical/20260705/,10000000000.0,0.4052334085342099
2026-07-05,2026-07,APT,21794,0.63191988,832842240.4850595,1205211788.4019861,2100000000.0,526289565.906541,2026-07-05T00:00:00.000Z,2026-07-05T00:00:00.000Z,https://coinmarketcap.com/historical/20260705/,,
2026-08-02,2026-08,BTC,1,63481.99891621,20064968.0,20064968.0,21000000.0,1273764276829.745,2026-08-02T00:00:00.000Z,2026-08-02T00:00:00.000Z,https://coinmarketcap.com/historical/20260802/,21000000.0,0.9554746666666667
2026-08-02,2026-08,ETH,1027,1882.52202511,120682253.84488137,120682253.84488137,,227187000902.41992,2026-08-02T00:00:00.000Z,2026-08-02T00:00:00.000Z,https://coinmarketcap.com/historical/20260802/,,
2026-08-02,2026-08,ADA,2010,0.18935392,36509015447.18997,44994129553.537605,45000000000.0,6913125267.311266,2026-08-02T00:00:00.000Z,2026-08-02T00:00:00.000Z,https://coinmarketcap.com/historical/20260802/,45000000000.0,0.8113114543819994
2026-08-02,2026-08,ATOM,3794,1.26389929,522521545.474751,522521545.474751,,660414608.2292995,2026-08-02T00:00:00.000Z,2026-08-02T00:00:00.000Z,https://coinmarketcap.com/historical/20260802/,,
2026-08-02,2026-08,SOL,5426,73.44882113,581193365.7687031,631503539.5202374,,42687967562.88229,2026-08-02T00:00:00.000Z,2026-08-02T00:00:00.000Z,https://coinmarketcap.com/historical/20260802/,,
2026-08-02,2026-08,AVAX,5805,6.54145106,431771961.1772119,463441061.1772119,715748719.0,2824415152.99004,2026-08-02T00:00:00.000Z,2026-08-02T00:00:00.000Z,https://coinmarketcap.com/historical/20260802/,720000000.0,0.5996832794127943
2026-08-02,2026-08,NEAR,6535,1.71558239,1302549419.0,1302549418.0,,2234630849.084672,2026-08-02T00:00:00.000Z,2026-08-02T00:00:00.000Z,https://coinmarketcap.com/historical/20260802/,,
2026-08-02,2026-08,DOT,6636,0.79775751,1696222619.336804,1696222619.336804,2100000000.0,1353174337.7902179,2026-08-02T00:00:00.000Z,2026-08-02T00:00:00.000Z,https://coinmarketcap.com/historical/20260802/,,
2026-08-02,2026-08,SUI,20947,0.68856634,4074529886.4415293,10000000000.0,10000000000.0,2805584131.9794674,2026-08-02T00:00:00.000Z,2026-08-02T00:00:00.000Z,https://coinmarketcap.com/historical/20260802/,10000000000.0,0.4074529886441529
2026-08-02,2026-08,APT,21794,0.56201751,845540087.0164597,1206599851.9173927,2100000000.0,475208337.37286115,2026-08-02T00:00:00.000Z,2026-08-02T00:00:00.000Z,https://coinmarketcap.com/historical/20260802/,,
2026-09-06,2026-09,BTC,1,80350.04312038,20080771.0,20080771.0,21000000.0,1613490815740.385,2026-09-06T00:00:00.000Z,2026-09-06T00:00:00.000Z,https://coinmarketcap.com/historical/20260906/,21000000.0,0.9562271904761904
2026-09-06,2026-09,ETH,1027,2514.54887155,122026782.25209972,122026782.25209972,,306842307611.1498,2026-09-06T00:00:00.000Z,2026-09-06T00:00:00.000Z,https://coinmarketcap.com/historical/20260906/,,
2026-09-06,2026-09,ADA,2010,0.22312039,36738713412.774826,44994852080.904945,45000000000.0,8197156049.178479,2026-09-06T00:00:00.000Z,2026-09-06T00:00:00.000Z,https://coinmarketcap.com/historical/20260906/,45000000000.0,0.8164158536172184
2026-09-06,2026-09,ATOM,3794,1.59577098,528917025.862552,528917025.862552,,844030440.0596547,2026-09-06T00:00:00.000Z,2026-09-06T00:00:00.000Z,https://coinmarketcap.com/historical/20260906/,,
2026-09-06,2026-09,SOL,5426,106.44762918,586080140.798072,633548577.9166795,,62386841497.08727,2026-09-06T00:00:00.000Z,2026-09-06T00:00:00.000Z,https://coinmarketcap.com/historical/20260906/,,
2026-09-06,2026-09,AVAX,5805,7.90787454,431771961.1772119,463441061.1772119,715748719.0,3414398497.032455,2026-09-06T00:00:00.000Z,2026-09-06T00:00:00.000Z,https://coinmarketcap.com/historical/20260906/,720000000.0,0.5996832794127943
2026-09-06,2026-09,NEAR,6535,2.43355889,1305642142.0,1305642142.0,,3177357047.1450744,2026-09-06T00:00:00.000Z,2026-09-06T00:00:00.000Z,https://coinmarketcap.com/historical/20260906/,,
2026-09-06,2026-09,DOT,6636,0.97659242,1701582342.7459934,1701582342.7459934,2100000000.0,1661752417.0428333,2026-09-06T00:00:00.000Z,2026-09-06T00:00:00.000Z,https://coinmarketcap.com/historical/20260906/,,
2026-09-06,2026-09,SUI,20947,0.80954658,4096537146.5409594,10000000000.0,10000000000.0,3316337646.4197135,2026-09-06T00:00:00.000Z,2026-09-06T00:00:00.000Z,https://coinmarketcap.com/historical/20260906/,10000000000.0,0.40965371465409595
2026-09-06,2026-09,APT,21794,0.62437157,858566672.6835747,1208316654.5783887,2100000000.0,536064617.9575444,2026-09-06T00:00:00.000Z,2026-09-06T00:00:00.000Z,https://coinmarketcap.com/historical/20260906/,,
